Nome,Primeira_Alcunha,Mascote,Fundação
Grêmio Foot-Ball Porto Alegrense,Imortal Tricolor,Mosqueteiro[3]Flecha Negra[4],15 de setembrode1903(121 anos)
Santos Futebol Clube,Peixe / Peixão,Baleinha e Baleião,14 de abril de 1912
Clube Atlético Mineiro,Galo,Galo,25 de marçode1908(117 anos)
Sociedade Esportiva Palmeiras,Verdão,PeriquitoPorco,26 de agosto de 1914
Cruzeiro Esporte Clube,Rei de Copas,Raposão e Raposinho,2 de janeiro de 1921
Botafogo de Futebol e Regatas,Fogo / Fogão,Cachorro(Biriba)[carece de fontes?]ManequinhoPato Donald,Regatas:01 de julhode1894(130 anos)Futebol:12 de agostode1904(120 anos)Fusão:08 de dezembrode1942(82 anos)SAF:03 de janeirode2022(3 anos)
Fluminense Football Club,Flu,Cartola(1943–2015)Guerreiro(2016–presente),21 de julho de 1902
Clube de Regatas do Flamengo,Fla,UrubuSamucaUruba e UrubinhaPopeye,15 de novembro de 1895
Sport Club Internacional,Inter,Saci,4 de abrilde1909(116 anos)
São Paulo Futebol Clube,,Santo Paulo (Paulo de Tarso),25 de janeirode1930(95 anos)[5]
Sport Club Corinthians Paulista,Timão,Mosqueteiro,1 de setembro de 1910
Club de Regatas Vasco da Gama,Legítimo Clube do Povo,AlmiranteBacalhauDomCorvoI e Único,21 de agostode1898(126 anos)
Esporte Clube Bahia,Bahêa,Super-HomemMulher Maravilha(Lindona da Bahêa),1 de janeirode1931(94 anos)
Club Athletico Paranaense,,Furacão(popular)Família Furacão(oficial)[3]Cartola(antigo),26 de marçode1924(101 anos)
Sport Club do Recife,,Leão,13 de maiode1905(120 anos)
Goiás Esporte Clube,,Periquito,6 de abrilde1943(82 anos)
Coritiba Foot Ball Club,,Vovô Coxa[8],12 de outubrode1909(115 anos)[12]
Esporte Clube Vitória,,Leão,13 de maiode1899(126 anos)
Associação Portuguesa de Desportos,,LeãoSevera,14 de agostode1920(104 anos)[1]
Clube Náutico Capibaribe,Timbu Coroado,Timbu Rei,7 de abrilde1901(124 anos)
Guarani Futebol Clube,,Índio,2 de abrilde1911(114 anos)[3]
Ceará Sporting Club,,Vovô,2 de junhode1914(111 anos)
Paysandu Sport Club,,LoboBicho Papão,2 de fevereirode1914(111 anos)
Fortaleza Esporte Clube,,Juba (leão) e Stella (leoa),18 de outubrode1918(106 anos)
Associação Atlética Ponte Preta,,Macaca,11 de agostode1900(124 anos)[5]
Santa Cruz Futebol Clube,,Cobra-coral,3 de fevereirode1914(111 anos)
Esporte Clube Juventude,,Periquito,29 de junhode1913(111 anos)
América Futebol Clube,Coelho,Coelho,30 de abril de 1912
Centro Sportivo Alagoano,,AzulãoMarujo,7 de setembrode1913(111 anos)
America Football Club (Rio de Janeiro),,Brasinha,18 de setembrode1904(120 anos)
Figueirense Futebol Clube,,Furacão,12 de junhode1921(103 anos)
Clube do Remo,,Leão,5 de fevereirode1905(120 anos)
Paraná Clube,,Gralha-azul,19 de dezembrode1989(35 anos)
Nacional Futebol Clube (Amazonas),,Águia e Leão,13 de janeirode1913(112 anos)
América Futebol Clube (Rio Grande do Norte),,Dragão,14 de julhode1915(109 anos)
Red Bull Bragantino,Braga,Leão(Massa Bruta)Touro(Toro Loko)[7],8 de janeirode1928(97 anos) como Clube Atlético Bragantino1 de janeirode2020(5 anos) como Red Bull Bragantino[9]
Associação Desportiva Ferroviária Vale do Rio Doce,,Maquinista,17 de junhode1963(61 anos)
Criciúma Esporte Clube,,Tigre,13 de maiode1947(78 anos)
ABC Futebol Clube,,Elefante,29 de junhode1915(109 anos)
Atlético Clube Goianiense,Dragão,Dragão,2 de abrilde1937(88 anos)
Rio Branco Atlético Clube,Capa-Preta,Cavaleiro Capa-Preta,21 de junho de 1913
Sampaio Corrêa Futebol Clube,Bolívia,Tubarão,25 de marçode1923(102 anos)
Joinville Esporte Clube,,Coelho,29 de janeirode1976(49 anos)
Club Sportivo Sergipe,,Diabo Rubro,17 de outubrode1909(115 anos)
Clube de Regatas Brasil,,Galo de Campina[1],20 de setembrode1912(112 anos)[2]
Avaí Futebol Clube,,Leão,1 de setembrode1923(101 anos)
Moto Club,Papão do Norte,Bicho-papãoDragão,13 de setembrode1937(87 anos)
Bangu Atletico Clube,,Castor,17 de abrilde1904(121 anos)
Campinense Clube,,Raposa,12 de abrilde1915(110 anos)
Operário Futebol Clube,Galo,galo[2],21 de agostode1938(86 anos)
Vila Nova Futebol Clube,,Tigre,29 de julhode1943(81 anos)
Treze Futebol Clube,,Galo,7 de setembrode1925(99 anos)
Associação Chapecoense de Futebol,,Índio CondáÍndio Guerreiro[1],10 de maiode1973
Americano Futebol Clube,,Mancha Negra,1 de junhode1914(111 anos)[2]
Associação Desportiva Confiança,,Dragão,1 de maiode1936(89 anos)[1]
River Atlético Clube,,Galo Carijó,1 de marçode1946(79 anos)
Mixto Esporte Clube,,Tigre,20 de maiode1934(91 anos)[7]
Londrina Esporte Clube,,TubarãoCaçula Gigante (1962-1976),5 de abrilde1956(69 anos)
São Caetano Futebol,,Azulão,4 de dezembrode1989(35 anos)
Atlético Rio Negro Clube (Amazonas),,Galo,13 de novembrode1913(111 anos)
Botafogo Futebol Clube,,Xerife,28 de setembrode1931(93 anos)
Associação Atlética Internacional,,leão[4],5 de outubrode1913(111 anos)
Esporte Clube Flamengo,,Leão,8 de dezembrode1937(87 anos)
Brasília Futebol Clube,,N/A,2 de junhode1975(50 anos)
Botafogo Futebol Clube,,Pantera,12 de outubrode1918(106 anos)
Sociedade Esportiva do Gama,,Periquito,15 de novembrode1975(49 anos)
Ferroviário Atlético Clube,da,Tubarão,9 de maiode1933(92 anos)
Grêmio de Esportes Maringá,,Galo,07 de julhode1961(63 anos)
Uberaba Sport Club,,Boi Zebu[3],15 de julhode1917(107 anos)[4]
Goytacaz Futebol Clube,,Índio Goytacá,20 de agostode1912(112 anos)
Esporte Clube Comercial,Colorado,lobo-guará[1],15 de marçode1943
Associação Olímpica de Itabaiana,,Cebola,10 de julhode1938(86 anos)
Sociedade Esportiva Tiradentes,,Tigre,30 de junhode1959(65 anos)
Colorado Esporte Clube,,Boca Negra,29 de junhode1971
Esporte Clube Metropol,,Carneiro,15 de novembrode1945(79 anos)
Tuna Luso Brasileira,,Águia,1 de janeirode1903(122 anos)
Associação Atlética Anapolina,,Fênix[4],1 de janeirode1948(77 anos)
Sociedade Esportiva e Recreativa Caxias do Sul,,Bepe (italiano)[1]Falcão Grená[1],10 de abrilde1935(90 anos)[2]
Grêmio Esportivo Brasil,,Índio Xavante,7 de setembrode1911(113 anos)[1]
União São João Esporte Clube,,Arara,14 de janeirode1981(44 anos)
Uberlândia Esporte Clube,,periquito[4],1 de novembrode1922(102 anos)[6]
Fluminense de Feira Futebol Clube,,Touro,1 de janeirode1941(84 anos)
Clube Esportivo Operário Várzea-Grandense,,Chicote,1 de maiode1949(76 anos)[6]
Goiânia Esporte Clube,,GaloCarijó,5 de julhode1938(86 anos)[nota 1]comoCorintians Goiano
Cuiabá Esporte Clube,,Peixe Dourado,12 de dezembrode2001(23 anos)
Piauí Esporte Clube,,Rato,15 de agostode1948(76 anos)
Esporte Clube XV de Novembro,,Nhô Quim (Caipira),15 de novembrode1913(111 anos)
Volta Redonda Futebol Clube,,JaguatiricaOperário,9 de fevereirode1976(49 anos)
Maranhão Atlético Clube,,Bode,24 de setembrode1932(92 anos)
Associação Desportiva Leônico,,Leão,3 de abrilde1940(85 anos)
Villa Nova Atlético Clube,,Leão,28 de junhode1908(116 anos)
Nacional Fast Clube,,Rolo Compressor,8 de julhode1930(94 anos)
Alecrim Futebol Clube,,Periquito,15 de agostode1915(109 anos)
Sport Club São Paulo,,Leão[1],4 de outubrode1908(116 anos)[3]
Clube Esportivo Dom Bosco,,Leão,4 de janeirode1925(100 anos)
Centro de Esportivo Universário de Brasília Esporte Clube,N/A,N/A,1968
Clube Atlético Ferroviário (Paraná),,N/A,12 de janeirode1930(95 anos)[1]
Fonseca Atlético Clube,,Galo Carijó,12 de outubrode1917(107 anos)[1]
Rabello Futebol Clube,N/A,N/A,17 de agostode1957(67 anos)
Central Sport Club,,Patativa[4],15 de junhode1919(105 anos)[5]
Esporte Clube Santo André,,João Ramalho(Ramalhão),18 de setembrode1967(57 anos)como Santo André F.C.22 de marçode1975(50 anos)como E.C. Santo André
América Futebol Clube,,Brasinha,28 de janeirode1946(79 anos)
Campo Grande Atlético Clube,,Galo,13 de junhode1940(84 anos)
Grêmio Barueri Futebol Ltda.,N/A,Abelhão,26 de marçode1989(36 anos)
Esporte Clube Pinheiros,,Leão,14 de julhode1914(como Savoia)12 de agostode1971(como Pinheiros)
São José Esporte Clube,,Águia,13 de agostode1933(91 anos)
Itabuna Esporte Clube,,Dragão,23 de maiode1967(58 anos)
Comercial Futebol Clube,,Leão,10 de outubrode1911(113 anos)[1]
Galícia Esporte Clube,,Granadeiro,1 de janeirode1933(92 anos)[8]
Clube Sportivo Capelense,,Galo,4 de abrilde1946(79 anos)
Olaria Atlético Clube,,Índio[1],1 de julhode1915(109 anos)
Esporte Clube XV de Novembro,,Galo,15 de novembrode1924
Sport Clube Santa Cruz (Estância),,N/A,3 de maiode1930(95 anos)
Santo Antônio Futebol Clube,N/A,N/A,19 de novembro de 1919
Clube Atlético Juventus,,Moleque Travesso,20 de abrilde1924(101 anos)
Operário Ferroviário Esporte Clube,,Fantasma,1 de maiode1912(113 anos)
Catuense Futebol S/A,,Bem-te-vi,1 de janeirode1974(51 anos)[4]
Esporte Clube Novo Hamburgo,,Sapato(Pé Quente),1 de maiode1911(114 anos)[4]
Agremiação Sportiva Arapiraquense,,Fantasma,25 de setembrode1952(72 anos)
Brasiliense Futebol Clube,,Jacaré,1 de agostode2000(24 anos)
Itumbiara Esporte Clube,,Gigante do Vale,9 de marçode1970(55 anos)
Taguatinga Esporte Clube,TEC,Águia,18 de fevereirode1974(51 anos)[nota 1]
Ipatinga Futebol Clube,,Tigre,21 de maiode1998(27 anos)
Esporte Clube Noroeste,,Locomotiva VermelhaMaquinista,1 de setembrode1910(114 anos)
Associação Ferroviária de Esportes,,Locomotiva,12 de abrilde1950(75 anos)[4]
Esporte Clube São Bento,,Tira Prosa,14 de setembrode1913(111 anos)
Anápolis Futebol Clube,,Galo,1 de maiode1946(79 anos)comoUnião Operária
Vitória Futebol Clube,Águia Azul,Águia,1 de outubro de 1912
Associação Atlética Colatina,N/A,N/A,13 de maiode1978
Clube de Regatas Guará,,Lobo-Guará,9 de janeirode1957
Sobradinho Esporte Clube,,Leão,1 de janeirode1975(50 anos)
Mirassol Futebol Clube,,Leão,9 de novembrode1925(99 anos)
Esporte Clube Internacional,,Dinossauro,16 de maiode1928(97 anos)
Auto Esporte Clube (Paraíba),Alvirubro das Mangabeiras,Macaco,7 de setembrode1936(88 anos)
J.Malucelli Futebol S/A,,Garoto,27 de dezembrode1994(30 anos)[1]
Associação Atlética Caldense,,Periquito,7 de setembrode1925(99 anos)
Corumbaense Futebol Clube,,N/A,1 de janeirode1914(111 anos)[2]
Auto Esporte Clube (Piauí),",",Calhambeque,1 de maiode1951(74 anos)
Ferroviário Esporte Clube,,N/A,10 de setembrode1941
Associação Cultural e Desportiva Potiguar,"""Time Macho""",Príncipe,11 de fevereirode1945(80 anos)
Associação Atlética Francana,,Feiticeira,12 de outubrode1912(112 anos)
América Futebol Clube (Sergipe),,Cavalo,8 de agostode1942(82 anos)[4]
Clube Esportivo Rio Branco,,Carcará,5 de novembrode1912(112 anos)
Esporte Clube Internacional,,"Leão Baio, Leão da Serra",13 de junhode1949(75 anos)
Hercílio Luz Futebol Clube,Leão do Sul,Leão,22 de dezembrode1918(106 anos)
Esporte Clube Água Verde,,N/A,14 de julhode1914
América Football Club (Ceará),,Águia Fênix Alencarina,11 de novembrode1920(104 anos)
Esporte Clube Comercial,N/A,Leão do Norte,14 de marçode1943
Departamento de Força e Luz Futebol Clube,N/A,N/A,25 de dezembrode1959(65 anos)
Estrela do Mar Esporte Clube,N/A,N/A,N/A
Olímpico Clube,,Onça-pintada,17 de outubrode1938(86 anos)
Grêmio Esportivo Olímpico,,N/A,14 de agostode1919(105 anos)
Paula Ramos Esporte Clube,,Manezinha,15 de dezembrode1937(87 anos)
Sociedade Esportiva e Recreativa Perdigão,N/A,Perdiz,1964
Esporte Clube Siderúrgica,,Tartaruga,31 de maiode1930(95 anos)
Mogi Mirim Esporte Clube,,Sapo,01 de fevereirode1932(93 anos)
Oeste Futebol Clube,,Onça,25 de janeirode1921(104 anos)
Ituano Futebol Clube,,Galo,24 de maiode1947(78 anos)[11]
Boa Esporte Clube,,Coruja,30 de abrilde1947(78 anos)
Marília Atlético Clube,,Tigre,12 de abrilde1942(83 anos)[3]
São Raimundo Esporte Clube (Amazonas),,Tufão,18 de novembrode1918(106 anos)[10]
Paulista Futebol Clube,,Galo,17 de maiode1909(116 anos)
Guarany Sporting Club,,Cacique,2 de julhode1938(86 anos)
União Esporte Clube,,Touro[6],6 de junhode1973(52 anos)[9]
Goiatuba Esporte Clube,,Azulão,5 de maiode1970(55 anos)
Luverdense Esporte Clube,,Espiga de MilhoeEma,24 de janeirode2004(21 anos)
Associação Desportiva Recreativa Cultural Icasa,Verdão do Cariri,periquito,7 de janeirode2002(23 anos)
Guaratinguetá Futebol Ltda.,,Garça,1 de outubrode1998(26 anos)
Brusque Futebol Clube,"""Maior do Vale""",Marreco,12 de outubrode1987(37 anos)[3]
Itaperuna Esporte Clube,,Águia,21 de julhode1989(35 anos)
América Futebol Clube,,Periquito,12 de abrilde1914(111 anos)comoJoão de Barros
Grêmio Novorizontino,,Tigre[4],1 de marçode2010(15 anos)[6]
Tupi Football Club,,Galo,26 de maiode1912(113 anos)
Rio Branco Football Club,,Estrela,8 de junhode1919(105 anos)
Clube Náutico Marcílio Dias,Marinheiro,Marinheiro,17 de marçode1919(106 anos)
Associação Cultural Esporte Clube Baraúnas,,Leão,14 de janeirode1960(65 anos)
Blumenau Esporte Clube,,Urso,19 de julhode1919
Duque de Caxias Futebol Clube,,Águia,8 de marçode2005(20 anos)
Clube Esportivo Bento Gonçalves,,Zebra,28 de agostode1919(105 anos)
Ubiratan Esporte Clube,,Leão,5 de fevereirode1947(78 anos)
Cascavel Esporte Clube,,Cobra Cascavel,19 de janeirode1979
Grêmio Esportivo Novorizontino,,Tigre,13 de marçode1973(52 anos)
Tombense Futebol Clube,O Gavião-Carcará,Gavião-Carcará,7 de setembrode1914(110 anos)
Alagoinhas Atlético Clube,,Carcará,2 de abrilde1970(55 anos)
Esporte Clube Pelotas,,Lobo,11 de outubrode1908(116 anos)
Serra Futebol Clube,,Cobra Coral,24 de junhode1930(94 anos)[6]
Rio Branco de Andradas Futebol Clube,,Azulão (Pássaro),13 de junhode1948(76 anos)[3]
Grêmio Esportivo Tiradentes,N/A,Tiradentes,3 de fevereirode1967
Valeriodoce Esporte Clube,",",N/A,22 de novembrode1942(82 anos)
Amazonas Futebol Clube,,Onça-Pintada,23 de maiode2019(6 anos)
Esporte Clube Democrata,,Pantera,13 de fevereirode1932(93 anos)
Barra do Garças Futebol Clube,,N/A,9 de janeirode1978(47 anos)
Bonsucesso Futebol Clube,,Leão da Leopoldina,12 de outubrode1913(111 anos)
Ferroviário do Recife,,TremLocomotiva,17 de marçode1928(97 anos)comoGreat Western
Futebol Clube Santa Cruz,,Galo Carijó,26 de marçode1913(112 anos)[3]
Serrano Football Club,,Leão,29 de junhode1915(109 anos)
Sport Club Belém,",",Dragão,2 de dezembrode1965(59 anos)
União Bandeirante Futebol Clube,,Caçula milionárioBêbadoCaipira[1],15 de novembrode1964
Salgueiro Atlético Clube,,Carcará,22 de maiode1972(53 anos)[1][2]
Macaé Esporte Futebol Clube,,Leão,17 de julhode1990(34 anos)[4]
Sociedade Imperatriz de Desportos,Cavalo de Aço,Cavalo,4 de janeirode1962(63 anos)[2]
Estrela do Norte Futebol Clube,Alvinegro do Sumaré,Estrela,16 de janeiro de 1916
Sociedade Esportiva de Picos,,Zangão,8 de fevereirode1976(49 anos)
Ceilândia Esporte Clube,,Gato Preto,1963(62 anos)refundado em25 de agostode1979(45 anos)
União Agrícola Barbarense Futebol Clube,,N/A,22 de novembrode1914(110 anos)[1]
Icasa Esporte Clube,,N/A,1 de maiode1963
Parnahyba Sport Club,,Tubarão,1 de maiode1913(112 anos)
Nacional Atlético Clube,,Canário,23 de dezembrode1961(63 anos)
Independência Futebol Clube,,Raposa,2 de agostode1946(78 anos)
Lagarto Esporte Clube,N/A,N/A,1955
4 de Julho Esporte Clube,,Gavião[1],4 de julhode1987(37 anos)
Athletic Club,,Guerreiro,27 de junhode1909(115 anos)
Democrata Futebol Clube,,Jacaré,14 de junhode1914(110 anos)
Associação Atlética Cabofriense,,N/A,15 de novembrode1955(69 anos)
Clube Atlético Douradense,,N/A,28 de marçode1974(47 anos)
Estudantes Sport Club,,Carneiro,1 de maiode1958(67 anos)[1]
Grêmio Esportivo Glória,,Leão,15 de novembrode1956(68 anos)
Princesa do Solimões Esporte Clube,,Tubarão,18 de agostode1971(53 anos)
Serrano Sport Club,,Índio Mongoió,22 de dezembrode1979(45 anos)
Associação Esportiva Tiradentes,,Tigre,15 de setembrode1961(63 anos)
América Futebol Clube,,Galo,14 de julhode1914(110 anos)[4]
Taguatinga Esporte Clube,TEC,Águia,18 de fevereirode1974(51 anos)[nota 1]
Botafogo Sport Club,,N/A,1 de novembrode1914(110 anos)
Calouros do Ar Futebol Clube,,Calourinho,1 de janeirode1952(73 anos)
Grêmio Esportivo Catanduvense,,N/A,5 de fevereirode1970[1]
Guarapari Esporte Clube,,N/A,12 de junhode1930(94 anos)
Sport Club Maguari,,N/A,24 de junhode1924
Foz do Iguaçu Esporte Clube,Dourado da fronteira,N/A,28 de fevereirode1988(37 anos)
Nacional Esporte Clube,N/A,Galo,13 de maiode1952(73 anos)
Associação Atlética Rodoviária do Amazonas,,Formiga,20 de janeirode1960
Associação Sportiva São Domingos,,Cruz,1 de setembrode1964(60 anos)
Madureira Esporte Clube,,Zé CariocaSeu Madura,8 de agostode1914(110 anos)
Rio Branco Esporte Clube,,Tigre[5],4 de agostode1913(111 anos)[7]
Ypiranga Futebol Clube,,Canário[1],18 de agostode1924(100 anos)
Esporte Clube São José,,São José,24 de maiode1913(112 anos)[5]
Águia de Marabá Futebol Clube,,Águia,22 de janeirode1982(43 anos)
Clube Atlético Sorocaba,,N/A,21 de fevereirode1991
Clube Atlético do Porto,,Gavião,30 de julhode1993(31 anos)[4]
Ji-Paraná Futebol Clube,,Galo,22 de abrilde1991(34 anos)
Tocantinópolis Esporte Clube,,Papagaio,1 de janeirode1989(36 anos)
Clube Esportivo Nova Esperança,,N/A,15 de dezembrode1999[3]
Friburguense Atlético Clube,,Vovô Chopão,14 de marçode1980(45 anos)[3]
Juazeiro Social Clube,,Carranca(Assombroso)[3],16 de agostode1995(29 anos)[4]
Palmas Futebol e Regatas,,Arara-azul,31 de janeirode1997(28 anos)
Ypiranga Clube,,Coruja[1],15 de maiode1963(62 anos)
Atlético Roraima Clube,,Cartola,1 de outubrode1944(80 anos)
Baré Esporte Clube,,Índio,26 de outubrode1946(78 anos)
Floresta Esporte Clube,,Lobo,9 de novembrode1954(70 anos)
Iraty Sport Club,,Azulão,21 de abrilde1914(111 anos)
Rio Branco Sport Club,,Leão,13 de outubrode1913(111 anos)
Associação Acadêmica e Desportiva Vitória das Tabocas,,Taboquito,6 de maiode2008(17 anos)
Canoas Sport Club,Canoense,Leão Jubão,23 de janeirode1998(27 anos)
Sport Club Corinthians Alagoano,,Gavião,4 de abrilde1991
Sociedade Esportiva Matsubara .,N/A,Japonesinho,18 de dezembrode1974
Associação Atlética Portuguesa,,Cachopinha,20 de novembrode1917(107 anos)[5]
Tubarão Futebol Clube,,N/A,30 de maiode1992(33 anos)[1][3]
Atlético Acreano,,Galo,27 de abrilde1952(73 anos)
Associação Atlética Coruripe,,Hulk,1 de marçode2003(22 anos)
Clube Recreativo e Atlético Catalano,,Leão[4],13 de julhode1931(93 anos)[5]
Manaus Futebol Clube,Gavião Real,Gavião-real,5 de maiode2013(12 anos)
Associação Atlética Aparecidense,,Camaleão,22 de outubrode1985(39 anos)
São Raimundo Esporte Clube,,Pássaro Azul,2 de janeirode1963(62 anos)
Sousa Esporte Clube,,Dinossauro,10 de julhode1991(33 anos)
Associação Atlética de Altos,,Jacaré,19 de julhode2013(11 anos)
Araguaína Futebol e Regatas,,Touro,28 de fevereirode1997(28 anos)
Associação Desportiva Cabofriense,Tricolor Praiano,Marlim-azul,1 de janeirode1997(28 anos)
Gurupi Esporte Clube,,Camaleão,13 de junhode1988(36 anos)[2]
São Bernardo Futebol Clube,,Tigre,20 de dezembrode2004(20 anos)
Atlético Cajazeirense de Desportos,,Trovão Azul,3 de julhode1948(76 anos)
Colo Colo de Futebol e Regatas,,Tigre,3 de abrilde1948(77 anos)
Real Brasília Futebol Clube,N/A,Leão do Planalto,22 de fevereirode1996(29 anos)1 de novembrode2016(8 anos) (como Real Brasília FC)
Andirá Esporte Clube,,Morcego,1 de novembrode1964(60 anos)
CFZ de Brasília,,Galinho,1 de agostode1999(25 anos)
Associação Atlética Corisabbá,",",Águia,24 de maiode1973(52 anos)
Nacional Atlético Clube,,Ferroviário,16 de fevereirode1919(106 anos)
Atlético Clube Paranavaí,,Diabo,14 de marçode1946(79 anos)[3]
Cianorte Futebol Clube,,Leôncio,13 de fevereirode2002(23 anos)
Globo Futebol Clube,,Águia-de-cabeça-branca,18 de outubrode2012(12 anos)
Associação Atlética Portuguesa (Rio de Janeiro),,Zebra,17 de dezembrode1924(100 anos)[3]
Esporte Clube Jacuipense,,Leão,21 de abrilde1965(60 anos)
São Raimundo Esporte Clube,,Pantera,9 de janeirode1944(81 anos)[6]
Sport Club Genus de Porto Velho,,Urso branco[2],15 de novembrode1991(33 anos)[3]
Esporte Clube Águia Negra,N/A,águia[1],31 de maiode1972[1]
Grêmio Esportivo Juventus,,Moleque Travesso,1 de maiode1966(59 anos)
Sociedade Esportiva Ypiranga Futebol Clube,,Máquina de costura,3 de julhode1938(86 anos)
Castanhal Esporte Clube,,Japiim,7 de setembrode1924(100 anos)
Grêmio Esportivo Anápolis,,Raposa,3 de marçode1999(26 anos)(como Grêmio Esportivo Inhumense)Desde4 de setembrode2005(19 anos)(como Grêmio Esportivo Anápolis)
União Atlético Clube,",",Guerreiro Spartano,27 de maiode1992(33 anos)
Clube 15 de Novembro,,Alemãozinho,15 de novembrode1911(113 anos)
ADAP/Galo Maringá Futebol Clube,,Galo,21 de marçode2005
Amapá Clube,,Zebra,23 de fevereirode1944(81 anos)
Clube Municipal Ananindeua,N/A,Tartaruga,3 de janeirode1978(47 anos)
Clube Atlético Hermann Aichinger,N/A,Capeta[1][2],20 de setembrode1951(73 anos)
Bacabal Esporte Clube,,Leão,14 de maiode1974(51 anos)
Barras Futebol Club,,Leão,15 de novembrode2004(20 anos)
Batel Guarapuava,N/A,Lobo,17 de marçode1951(74 anos)
Associação Esportiva Caxiense,N/A,N/A,23 de abrilde1973[1]
Sociedade Esportiva Ceilandense,N/A,Arara,8 de outubrode1977(47 anos)[nota 1]
Atlético Clube Corintians,,Galo,25 de janeirode1968(57 anos)
Grêmio Atlético Coariense,,Gavião,6 de janeirode1977(48 anos)
Grêmio Esportivo Jaciara,,Gaúcho Pilchado,15 de junhode1975(49 anos)
Esporte Clube Ipitanga Bahia,,Tucano,20 de setembrode2003(21 anos)
Itapipoca Esporte Clube,,Garoto Travesso,20 de dezembrode1993(31 anos)[1]
Atlético Clube Izabelense,,Frango,26 de abrilde1924(101 anos)
Associação Esportiva Jataiense,,Raposa,11 de janeirode1952(73 anos)
Kaburé Esporte Clube,N/A,Coruja,5 de janeirode1985(40 anos)
Linhares Futebol Clube,N/A,Coruja Azul,16 de agostode2001(23 anos)
Centro Sportivo Maruinense,,Fantasma,3 de abrilde1917(108 anos)[4]
Sociedade Esportiva Matonense,SEMA,Águia[3],24 de maiode1976(49 anos)
Palmeiras Nordeste Futebol Ltda.,N/A,Periquito,10 de agostode2000
Planaltina Esporte Clube,N/A,Galo,30 de maiode1963(62 anos)[nota 1]
Ponta Grossa Esporte Clube,N/A,N/A,30 de junhode1994
Atlético Progresso Clube,,Canarinho,21 de julhode1959(65 anos)
Sociedade Esportiva Santa Inês,,Canário[1],1 de dezembrode1998(26 anos)[1]
São Gonçalo Futebol Clube (Rio Grande do Norte),,Touro,28 de julhode1999
Sertãozinho Futebol Clube,,Touro,6 de agostode1944(80 anos)
Esporte Clube Taveirópolis,,N/A,30 de junhode1938(86 anos)
Associação Desportiva Vasco da Gama,,Almirante português,28 de junhode1952(72 anos)
Esporte Clube Viana,,Leão,15 de julhode1995(29 anos)
Sociedade Desportiva Juazeirense,,Cancão de Fogo,12 de dezembrode2006(18 anos)
Clube Atlético Metropolitano,,Crocodilo,22 de janeirode2002(23 anos)
Santos Futebol Clube,,Peixe,11 de maiode1973(52 anos)
Trem Desportivo Clube,,Maquinista,1 de janeirode1947(78 anos)
Boavista Sport Club,,Hulk,14 de outubrode1961(63 anos)
Maringá Futebol Clube,,Cachorro,07 de julhode2010(14 anos)
Esporte Clube Primeiro Passo Vitória da Conquista,,Bode,21 de janeirode2005(20 anos)[4]
Futebol Clube Atlético Cearense,,Águia,7 de marçode1997(28 anos)(como CT Uniclinic)
União Recreativa dos Trabalhadores,,Pato,9 de julhode1939(85 anos)
Retrô Futebol Clube Brasil,Fênix de Camaragibe,N/A,15 de fevereirode2016(9 anos)
Associação Atlética Luziânia,N/A,Igreja[1],13 de dezembrode1926(98 anos)
Pouso Alegre Futebol Clube,,Dragão,15 de novembrode1913(111 anos)
Esporte Clube São Luiz,,Zangão[3],20 de fevereirode1938(87 anos)[4]
Clube Atlético Cristal,N/A,Dragão,15 de novembrode1969(55 anos)
Grêmio Atlético Sampaio,,Leão,11 de junhode1965(59 anos)
Horizonte Futebol Clube,,Galo,27 de marçode2004(21 anos)
Clube Atlético Linense,,Elefante,12 de junhode1927(97 anos)[1]
Petrolina Social Futebol Clube,,Tigre,11 de novembrode1998(26 anos)
São Francisco Futebol Clube,,Leão,30 de outubrode1929(95 anos)[5]
Sociedade Esportiva Vila Aurora,,Tigre,5 de maiode1964(61 anos)[2]
América Futebol Clube,,Diabo,2 de agostode1939(85 anos)
Associação Botafogo Futebol Clube,,ManequinhoDragão,14 de julhode2004(20 anos) (como Clube Esportivo Guará)
Camaçari Futebol Clube,,Guarajuba,8 de novembrode1968(56 anos)
Flamengo Sport Club de Arcoverde,,Tigre,1 de maiode1959(66 anos)[1]
Sport Clube Gaúcho,Periquito do Boqueirão,Periquito,12 de maiode1918(107 anos)
Guarani Esporte Clube (Minas Gerais),,Tamanduá,20 de setembrode1930(94 anos)[2]
Esporte Clube Macapá,,Leão,7 de setembrode1941(83 anos)
Nacional Atlético Clube (Paraná),,Capivarão,28 de abrilde1947(78 anos)[4]
Sport Club Santa Cruz,,Gavião,30 de novembrode2003(21 anos)
Associação Atlética São Mateus,,Pitbull,13 de dezembrode1963(61 anos)
Toledo Esporte Clube,,Teco (Porco)[6],10 de fevereirode2004(21 anos)
Abaeté Futebol Clube,N/A,Guará,5 de marçode1936(89 anos)
Associação Desportiva Senador Guiomard,,Leão,26 de janeirode1982(43 anos)
Associação Atlética Alvorada,Águia do Norte,Águia,26 de janeirode1993(32 anos)
Associação Esportiva Araçatuba,,Canário[1],15 de dezembrode1972(52 anos)
Sociedade Esportiva Ariquemes,N/A,N/A,11 de abrilde1981
Atlético Clube Três Corações,Galo do Sul,Galo,13 de setembrode1913(111 anos)
Barra Futebol Clube,,Leão,8 de junhode1937(88 anos)
Barra Mansa Futebol Clube,,Leão,15 de novembrode1908(116 anos)
Bayer Esporte Clube,N/A,N/A,1 de junhode1962(63 anos)
Associação Caçadorense de Desportos,N/A,Biguá,15 de janeirode1978
Cacerense Esporte Clube,,Crocodilo,5 de julhode2005(19 anos)
Cachoeiro Futebol Clube,,N/A,09 de janeirode1916
Caldas Esporte Clube,,Lobo-guará,18 de abrilde1982(43 anos)
Caxias Futebol Clube,,Pinguim,12 de outubrode1920(104 anos)[4]
Centro Limoeirense de Futebol,,Dragão,15 de setembrode1913(111 anos)
Centro de Futebol da Amazônia,,Raposa,17 de janeirode2001
Centro de Futebol Zico do Rio Sociedade Esportiva,,N/A,12 de julhode1996(28 anos)
Sociedade Esportiva e Recreativa Chapadão,N/A,N/A,28 de agostode1981
Chapadinha Futebol Clube,,Galo,19 de fevereirode1999(26 anos)
Esporte Clube Corinthians,,N/A,8 de fevereirode1945
Coroatá Futebol Clube,N/A,N/A,8 de abrilde1986(39 anos)
Coxim Atlético Clube,Jaús Furiosos,N/A,10 de janeirode2002
Associação Esportiva Recreativa Engenheiro Beltrão,,Engenheiro,1 de janeirode2003(22 anos)
Esporte Clube Limoeiro,,Cavalo,01 de novembrode1942(82 anos)
Fabril Esporte Clube,,Falcão,2 de setembrode1932(92 anos)
Associação Desportiva Guarabira,,Azulão,1930(95 anos)Refundado em24 de junhode1936(88 anos)Herdado em2 de maiode2005(20 anos)
Sport Club Guarany,,N/A,20 de setembrode1913(111 anos)
Holanda Esporte Clube,,Laranja,21 de outubrode2007(17 anos)
Associação Atlética Iguaçu,,Pantera[4],15 de agostode1971(53 anos)[5]
Itacuruba Sport Club,,Tilápia,2 de agostode1987(37 anos)
Associação Jaguaré Esporte Clube,,N/A,5 de Dezembrode2001
Associação Desportiva Jaruense,,N/A,7 de setembrode1995(29 anos)[1]
Sociedade Esportiva e Recreativa Juventude,N/A,N/A,23 de maiode1982(43 anos)[1]
Atlético Clube Lagartense,Verdão,N/A,11 de agostode1992(32 anos)
Clube Atlético Lages,,Gralha,10 de julhode2002
Legião Futebol Clube,,Leão,11 de maiode2006(19 anos)[nota 1]
Associação Desportiva Limoeiro Futebol Clube,,Jaguar,1 de fevereirode2001(24 anos)
Linhares Esporte Clube,,Corujão,15 de marçode1991
Esporte Clube Mamoré,,Sapo,13 de junhode1949(75 anos)[5]
Manchete Futebol Clube do Recife,,Coelho,1 de janeirode1950(75 anos)
Mineiros Esporte Clube,,Águia,20 de janeirode1977(48 anos)
Montes Claros Esporte Clube,,Bicho-papão,28 de agostode1992(32 anos)
Novo Horizonte Futebol Clube,,Fantasma,27 de fevereirode1968(57 anos)[1]
Olímpia Futebol Clube,,Galo,5 de dezembrode1946(78 anos)[4]
Operário Futebol Clube,N/A,N/A,8 de agostode2002(22 anos)
Esporte Clube Operário,,Chicote,2 de abrilde1996
Paraíso Esporte Clube,,Touro,7 de novembrode2006(18 anos)
Paranoá Esporte Clube,N/A,Sucuri,30 de abrilde2000(25 anos)
Esporte Clube Passo Fundo,,GaloBrasinha,10 de janeirode1986(39 anos)
Pedrabranca Futebol Clube,N/A,N/A,01 de janeirode2001(24 anos) (como RS Futebol Clube)[1]8 de agostode2008(16 anos)
Olímpico Pirambu Futebol Clube,,Leão,4 de setembrode1931(93 anos)
Esporte Clube Poções,,Raposa,8 de janeirode1985(40 anos)[3]
Quixadá Futebol Clube,,Canário,27 de outubrode1965(59 anos)
Rio Claro Futebol Clube,,Galo Azul[3],9 de maiode1909(116 anos)[5]
Atlético Rio Negro Clube (Roraima),,N/A,26 de abrilde1971(54 anos)
Rio Pardo Futebol Clube,Gigante do Caparaó,Cavalo (Paco macho),30 de abrilde1917(108 anos)
Esporte Clube Rio Verde,,Hulk,22 de agostode1963(61 anos)
Associação Atlética Rioverdense,,Abóbora,12 de abrilde1985(40 anos)
Roma Esporte Apucarana,,N/A,7 de fevereirode2000(como Roma Esporte Internacional de Barueri)
Santa Rosa Esporte Clube,,Macaco-prego,"6 de outubrode1925(99 anos)(segundo a FPF,6 de janeirode1924)"
Esporte Clube São Borja,,Índio,19 de fevereirode2009(16 anos)
Grêmio Esportivo Sãocarlense,,Lobo,19 de marçode1976(49 anos)
São Cristóvão de Futebol e Regatas,,Cabra,"12 de outubrode1898(126 anos), ingresso no Futebol em15 de julhode1909(115 anos)."
São Gabriel Futebol Clube,,N/A,2000[1]
Sociedade Esportiva e Recreativa São José,,Pitbull,26 de agostode1946(78 anos)
Serrano Futebol Clube,,LampiãoJumento,1 de outubrode1983(41 anos)
Sociedade Sportiva Sete de Setembro,Os Canarinhos Alagoanos,Canário,7 de setembrode1945(79 anos)
Social Futebol Clube,,Saci,1 de outubrode1944(80 anos)
Associação AtléticaTiradentes,,Tigre,21 de abrilde1973(52 anos)
Tocantins Esporte Clube (Maranhão),,Hulk,2 de dezembrode1975(49 anos)
Sport Club Ulbra Ji-Paraná,,Coruja[1],1 de abrilde2005[1]
Unibol Futebol Clube,N/A,N/A,16 de outubrode1996(28 anos)
Vênus Atlético Clube,,Pássaro Azulão,20 de maiode1949(76 anos)
Vera Cruz Futebol Clube (Vitória de Santo Antão),,Galo,3 de fevereirode1960(65 anos)
Goianésia Esporte Clube,,Azulão,28 de marçode1955(70 anos)[3]
Associação Desportiva Bahia de Feira,,Tremendão,2 de julhode1937(87 anos)
Futebol Clube Cascavel,,Cobra Cascavel,16 de janeirode2008(17 anos)
Nova Iguaçu Futebol Clube,,LaranjinhaPantera,1 de abrilde1990(35 anos)
Guarani Esporte Clube,,Leão do Mercado,10 de abrilde1941(84 anos)
Iporá Esporte Clube,,Lobo-Guará,1 de janeirode2000(25 anos)
Náutico Futebol Clube,,Águia,22 de dezembrode1962(62 anos)
Sinop Futebol Clube,,Galo,16 de janeirode1977(48 anos)[3]
Real Ariquemes Esporte Clube,,Furacão,25 de abrilde2011(14 anos)
Sport Clube Humaitá,,Touro,15 de marçode2003(22 anos)
Interporto Futebol Clube,,tigre[2],13 de julhode1990(34 anos)[3][4]
Murici Futebol Clube,,papagaio[3],7 de julhode1974[4]
Clube Atlético Patrocinense,CAP,Águia,19 de marçode1954(71 anos)
Gazin Porto Velho Esporte Clube,,LocomotivaMaquinista,23 de abrilde2018(7 anos)
Real Noroeste Capixaba Futebol Clube,Merengue Capixaba,Águia,9 de abril de 2008
Clube Esportivo Aimoré,,Índio,26 de marçode1936(89 anos)[3]
Concórdia Atlético Clube,,Galo,2 de marçode2005(20 anos)[2][3]
Cordino Esporte Clube,,Onça,8 de marçode2010(15 anos)[4]
Gálatas Esporte Clube,N/A,Leão,8 de maiode2025(1 mês)
Fluminense Esporte Clube,,Vaqueiro Belchior,31 de janeirode1938(87 anos)
Foz do Iguaçu Futebol Clube,,N/A,9 de fevereirode1996(29 anos)
Galvez Esporte Clube,,Gavião,3 de julhode2011(13 anos)[3]
Associação Desportiva Iguatu,,Azulão do Peito Seco,11 de marçode2010(15 anos)
Independente Atlético Clube,,Galo,28 de novembrode1972(52 anos)
Sociedade Esportiva Juventude,Samas,Poraquê,14 de junhode1979(45 anos)
Penarol Atlético Clube,,Leão,8 de agostode1947(77 anos)[3]
Plácido de Castro Futebol Club,,Tigre,3 de novembrode1979(45 anos)
Resende Futebol Clube,,Lobo-Guará,6 de junhode1909(116 anos)
Santa Cruz Futebol Clube (Natal),,Cardeal,25 de dezembrode1965(59 anos)
Clube Atlético Tubarão,Peixe,Tubarão,14 de abrilde2005(20 anos)
Vilhena Esporte Clube,,Lobo,3 de junhode1991(34 anos)
Afogados da Ingazeira Futebol Clube,,Coruja,18 de dezembrode2013(11 anos)
Esporte Clube Água Santa,,Neptuno,27 de outubrode1981(43 anos)[1]
Aquidauanense Futebol Clube,,arara-azul[1]índio[1],10 de dezembrode2001(23 anos)[2]
Esporte Clube Aracruz,,DragãoVermelho,12 de junhode1954(70 anos)
Grêmio Osasco Audax,,Garoto audacioso,8 de dezembrode1985(39 anos)
Audax Rio de Janeiro Esporte Clube,N/A,Cachorro,8 de maiode2005(20 anos)
Esporte Clube Avenida,,Periquito,6 de janeirode1944(81 anos)[6]
Azuriz Futebol Clube,,Gralha-azul,fevereirode2018(7 anos)[1]
Barcelona Futebol Clube,Índio Zonoecê,Índio Zonoecê[3],1995(30 anos)7 de outubrode2016(8 anos) (profissional)
Barra Futebol Clube,Pescador,Pescador,18 de janeirode2013(12 anos)
Bragantino Clube do Pará,,Tubarão,29 de janeirode1993(32 anos)
Cametá Sport Club,,Mapará,22 de junhode2007(17 anos)
Caucaia Esporte Clube,,Raposa,16 de abrilde2004(21 anos)
Cerâmica Atlético Clube,,Ligeirinho,19 de abrilde1950(75 anos)
Comercial Atlético Clube,,Bode,21 de abrilde1945(80 anos)[2]
Costa Rica Esporte Clube,CREC,N/A,2 de dezembrode2004(20 anos)
Clube Sociedade Esportiva,,Índio Xucuru,21 de junhode1947(77 anos)
Lagarto Futebol Clube,Verdão,Lagarto,20 de abrilde2009(16 anos)
Clube Esportivo Lajeadense,,N/A,23 de abrilde1911(114 anos)[3]
Manauara Esporte Clube,,Robô[2],30 de novembrode2020(4 anos)
Maracanã Esporte Clube,,Maracanã,31 de janeirode2005(20 anos)
Pacajus Esporte Clube,Cacique do Vale do Caju,Paiacu,17 de junhode2017(7 anos)
Paragominas Futebol Clube,,Jacaré,6 de marçode2012(13 anos)
Clube Atlético Penapolense,,N/A,16 de novembrode1944(80 anos)[4]
Paraná Soccer Technical Center,,Leão,15 de agostode1994(30 anos)[3]
Red Bull Bragantino II,,Touro,19 de novembrode2007(17 anos)
Sociedade Esportiva River Plate,,Leão,18 de agostode1967
Serra Talhada Futebol Clube,,Cangaceiro,25 de fevereirode2011(14 anos)
Clube Desportivo Sete de Setembro,,N/A,7 de setembrode1994(30 anos)
Sociedade Ação Futebol,N/A,Tuiuiú,31 de agostode2007(17 anos)
Associação Atlética Araguaia,,Arara[1],16 de julhode2014(10 anos)
Araguaia Atlético Clube,,Pantera,1 de dezembrode1998(26 anos)[2]
Arapongas Esporte Clube,,Araponga,6 de junhode1974(51 anos)[3]
Araxá Esporte Clube,,Ganso,16 de novembrode1958(66 anos)
Associação Sportiva Sociedade Unida,,Camaleão,10 de janeirode2002(23 anos)
Clube Atlético Itapemirim,,Galo,5 de dezembrode1965(59 anos)
Clube Atlético Pernambucano,,Tatu-Bola,8 de marçode2006(19 anos)comoClube Atlético de Vicência
Barcelona Futebol Clube,,Onça-pintada,17 de setembrode2019(5 anos)
Belo Jardim Futebol Clube,,Calango[1],18 de janeirode2005(20 anos)[1]
Camboriú Futebol Clube,,Homem-Pedra,11 de abrilde2003(22 anos)
Capital Clube de Futebol SAF S/C Ltda.,,Coruja,5 de julhode2005(19 anos)
Capital Futebol Clube,,Reizinho,21 de maiode2012(13 anos)(profissionalizou-se em 2014)
Crato Esporte Clube,,Índio Cariri,19 de novembrode1997(27 anos)
Esporte Clube Cruzeiro Arapiraca,,Urso,28 de maiode2019(6 anos)
Esporte Clube Cruzeiro,,Leão,14 de julhode1913(111 anos)
Estanciano Esporte Clube,,Canário,14 de junhode1956(68 anos)
Falcon Futebol Clube,,Carcará,23 de novembrode2020(4 anos)
Feirense,N/A,Arqueiro VerdeÁguia,30 de maiode2007(18 anos)
Bosque Formosa Esporte Clube,,Cobra-Cipó,21 de setembrode1978(46 anos)
Associação Desportiva Freipaulistano,,Touro,29 de agostode2016(8 anos)
Guarani de Palhoça Futebol Ltda,,Índio,15 de fevereirode1928(97 anos)[1]
Guarany Futebol Clube,,Índio,19 de abrilde1907(118 anos)
Itabirito Futebol Clube,,Gato-do-mato,22 de maiode2022(3 anos)
Associação Desportiva Itaboraí,,Águia,30 de julhode1976(48 anos)
Jaraguá Esporte Clube,,Gavião-da-serra,2 de fevereirode1929(96 anos)
Jaciobá Atlético Clube,,Azulão,25 de janeirode1964(61 anos)
Jacobina Esporte Clube,,Jegue,1 de dezembrode1993(31 anos)
Associação Desportiva Jequié,,Sol,20 de novembrode1969(55 anos)
JV Lideral Futebol Clube,,N/A,30 de abrilde1994(31 anos)
Maricá Futebol Clube,,Lobisomem de Bambuí[1],27 de fevereirode2003(22 anos)[nota 1]
Atlético Monte Azul,,Azulão,28 de abrilde1920(105 anos)
Nacional Esporte Clube Ltda,,Búfalo,28 de junhode2008(16 anos)
Náuas Esporte Clube,,Índio,19 de outubrode1923(101 anos)
Clube Esportivo Naviraiense,,N/A,25 de novembrode2005
Nova Mutum Esporte Clube,,Azulão e Gaúchos,10 de setembrode1988(36 anos)
Nova Venécia Futebol Clube,,Leão,27 de abrilde2021(4 anos)
Novo Futebol Clube,N/A,N/A,11 de outubrode2010(14 anos)
Sport Club Penedense,,Jacaré,3 de janeirode1909(116 anos)
Academia de Futebol Pérolas Negras,,Cachorro,2009(16 anos)
Porto Vitória Futebol Clube,,Capitão Barba Verde,16 de outubrode2014(10 anos)
Esporte Clube Próspera,,Minerador,29 de marçode1946(79 anos)[2]
Prudentópolis Futebol Clube,,Tigre,1 de setembrode2007(17 anos)
Rio Branco Futebol Clube,,N/A,29 de junhode1945(79 anos)[1]
Rondoniense Social Clube,,Periquito,2007(18 anos)
Sport Club Santa Rita,,Leão,22 de maiode1974(51 anos)(como Associação Atlética Santa Rita)
Santana Esporte Clube,,Canário,25 de setembrode1955(69 anos)
São Francisco Futebol Clube (Acre),,Santo Francisco,10 de abrilde1967(58 anos)
Independente Futebol São Joseense,,Lobo,22 de maiode2015(10 anos)
São Paulo Crystal Futebol Clube,",",Carcará,10 de fevereirode2008(17 anos) (como Lucena Sport Clube)
Grêmio Recreativo Serrano,,Lobo,20 de setembrode1989(35 anos)
Sociedade Desportiva Sparta,,N/A,25 de fevereirode2006(19 anos)
Tocantins Esporte Clube,,Jaburu,10 de marçode1993(32 anos)
Tocantins Futebol Clube,,Tigre,10 de outubrode1999(25 anos)
Tupynambás Futebol Clube,,Leão,15 de agostode1911(113 anos)
Vilhenense Esportivo Clube,,Leão,10 de outubrode2017[3]
