tipo,url,entity_id
jogadores,https://www.ogol.com.br/jogador/dica/421142,17
jogadores,https://www.ogol.com.br/jogador/basilio/338307,192
jogadores,https://www.ogol.com.br/jogador/feitosa/798187,760
jogadores,https://www.ogol.com.br/jogador/wilsinho/595528,380
jogadores,https://www.ogol.com.br/jogador/tata/420764,199
jogadores,https://www.ogol.com.br/jogador/eneas/413753,422
jogadores,https://www.ogol.com.br/jogador/eusebio/349454,988
jogadores,https://www.ogol.com.br/jogador/helio/794097,45
jogadores,https://www.ogol.com.br/jogador/cabinho/208172,194
jogadores,https://www.ogol.com.br/jogador/careca/708970,851
jogadores,https://www.ogol.com.br/jogador/bira/785397,468
jogadores,https://www.ogol.com.br/jogador/clovis/669907,1177
jogadores,https://www.ogol.com.br/jogador/nestor/800850,1229
jogadores,https://www.ogol.com.br/jogador/moraes/276263,416
jogadores,https://www.ogol.com.br/jogador/jurandir/26001,126
jogadores,https://www.ogol.com.br/jogador/didinho/393084,489
jogadores,https://www.ogol.com.br/jogador/gole/409293,1162
jogadores,https://www.ogol.com.br/jogador/ivo-sodre/800785,853
jogadores,https://www.ogol.com.br/jogador/gil/27462,854
jogadores,https://www.ogol.com.br/jogador/ismael/329565,376
jogadores,https://www.ogol.com.br/jogador/gilberto/411103,74
jogadores,https://www.ogol.com.br/jogador/botinha/798623,426
jogadores,https://www.ogol.com.br/jogador/rivaldo/536177,76
jogadores,https://www.ogol.com.br/jogador/baltemar-brito/79734,1051
jogadores,https://www.ogol.com.br/jogador/gena/496487,78
jogadores,https://www.ogol.com.br/jogador/ze-maria/420740,776
jogadores,https://www.ogol.com.br/jogador/wilton/409238,167
jogadores,https://www.ogol.com.br/jogador/erb/583297,445
jogadores,https://www.ogol.com.br/jogador/givanildo-oliveira/294303,81
jogadores,https://www.ogol.com.br/jogador/ramon/430534,82
jogadores,https://www.ogol.com.br/jogador/fernando-santana/536185,84
jogadores,https://www.ogol.com.br/jogador/zequinha/770649,1164
jogadores,https://www.ogol.com.br/jogador/sergio/800787,856
jogadores,https://www.ogol.com.br/jogador/zito/800248,430
jogadores,https://www.ogol.com.br/jogador/orlando/415097,733
jogadores,https://www.ogol.com.br/jogador/george/441224,1176
jogadores,https://www.ogol.com.br/jogador/marcos/437979,1148
jogadores,https://www.ogol.com.br/jogador/juci/434078,947
jogadores,https://www.ogol.com.br/jogador/elci/798999,948
jogadores,https://www.ogol.com.br/jogador/nelson-souza/329576,702
jogadores,https://www.ogol.com.br/jogador/wilson-pereira/797255,949
jogadores,https://www.ogol.com.br/jogador/baiano/568431,961
jogadores,https://www.ogol.com.br/jogador/evandro/800831,950
jogadores,https://www.ogol.com.br/jogador/fio-maravilha/303312,119
jogadores,https://www.ogol.com.br/jogador/zezinho/437804,953
jogadores,https://www.ogol.com.br/jogador/batista/800836,1221
jogadores,https://www.ogol.com.br/jogador/geraldo/792847,1237
jogadores,https://www.ogol.com.br/jogador/vitor-epanor/476385,208
jogadores,https://www.ogol.com.br/jogador/edalmo/795751,1199
jogadores,https://www.ogol.com.br/jogador/deo/799007,1076
jogadores,https://www.ogol.com.br/jogador/gainete/409143,150
jogadores,https://www.ogol.com.br/jogador/julio/799649,802
jogadores,https://www.ogol.com.br/jogador/ladinho/226774,1135
jogadores,https://www.ogol.com.br/jogador/alfredo/429270,1067
jogadores,https://www.ogol.com.br/jogador/di/784808,794
jogadores,https://www.ogol.com.br/jogador/lourival/351957,96
jogadores,https://www.ogol.com.br/jogador/sidney/428821,1206
jogadores,https://www.ogol.com.br/jogador/torino/536234,142
jogadores,https://www.ogol.com.br/jogador/sicupira/536200,709
jogadores,https://www.ogol.com.br/jogador/caio/409233,141
jogadores,https://www.ogol.com.br/jogador/didi-duarte/411449,657
jogadores,https://www.ogol.com.br/jogador/ubirajara-motta/210158,49
jogadores,https://www.ogol.com.br/jogador/moreira/489693,3
jogadores,https://www.ogol.com.br/jogador/tinho/489692,536
jogadores,https://www.ogol.com.br/jogador/rondinelli/119680,458
jogadores,https://www.ogol.com.br/jogador/rodrigues-neto/27460,113
jogadores,https://www.ogol.com.br/jogador/zico,116
jogadores,https://www.ogol.com.br/jogador/afonsinho/536258,218
jogadores,https://www.ogol.com.br/jogador/liminha/303311,117
jogadores,https://www.ogol.com.br/jogador/rogerio/238619,118
jogadores,https://www.ogol.com.br/jogador/toninho-guerreiro/313716,282
jogadores,https://www.ogol.com.br/jogador/paulo-cesar-caju/26668,58
jogadores,https://www.ogol.com.br/jogador/geraldo-assoviador/257485,1044
jogadores,https://www.ogol.com.br/jogador/dico/445146,512
jogadores,https://www.ogol.com.br/jogador/edgar/795222,1204
jogadores,https://www.ogol.com.br/jogador/mendes/441128,641
jogadores,https://www.ogol.com.br/jogador/cuca/618320,706
jogadores,https://www.ogol.com.br/jogador/augusto/525988,824
jogadores,https://www.ogol.com.br/jogador/elias/798505,825
jogadores,https://www.ogol.com.br/jogador/suingue/437807,346
jogadores,https://www.ogol.com.br/jogador/lindoia/584618,401
jogadores,https://www.ogol.com.br/jogador/alcino/420754,642
jogadores,https://www.ogol.com.br/jogador/rodrigues/595553,1093
jogadores,https://www.ogol.com.br/jogador/tito/387424,520
jogadores,https://www.ogol.com.br/jogador/ademir-fonseca/793497,898
jogadores,https://www.ogol.com.br/jogador/da-costa/800956,1088
jogadores,https://www.ogol.com.br/jogador/soeiro/770683,827
jogadores,https://www.ogol.com.br/jogador/sergio-pinheiro/801042,1163
jogadores,https://www.ogol.com.br/jogador/carioca/799188,387
jogadores,https://www.ogol.com.br/jogador/santana/445544,954
jogadores,https://www.ogol.com.br/jogador/casca/800799,956
jogadores,https://www.ogol.com.br/jogador/ze-raimundo/800797,955
jogadores,https://www.ogol.com.br/jogador/joao-carlos/800276,588
jogadores,https://www.ogol.com.br/jogador/osmario/798914,1070
jogadores,https://www.ogol.com.br/jogador/leal/800800,593
jogadores,https://www.ogol.com.br/jogador/petronilho/800806,958
jogadores,https://www.ogol.com.br/jogador/cipo/385381,601
jogadores,https://www.ogol.com.br/jogador/fidelis/409210,1224
jogadores,https://www.ogol.com.br/jogador/paranhos/409023,964
jogadores,https://www.ogol.com.br/jogador/helinho/452165,563
jogadores,https://www.ogol.com.br/jogador/hector-cincunegui/202287,275
jogadores,https://www.ogol.com.br/jogador/borges/411447,716
jogadores,https://www.ogol.com.br/jogador/sidclei/411446,564
jogadores,https://www.ogol.com.br/jogador/djalma-sales/438676,614
jogadores,https://www.ogol.com.br/jogador/divino/800784,982
jogadores,https://www.ogol.com.br/jogador/vasconcelos/241063,651
jogadores,https://www.ogol.com.br/jogador/betinho/412653,270
jogadores,https://www.ogol.com.br/jogador/eloi/800786,567
jogadores,https://www.ogol.com.br/jogador/paraguaio/809815,325
jogadores,https://www.ogol.com.br/jogador/tico/800249,766
jogadores,https://www.ogol.com.br/jogador/merrinho/798218,1113
jogadores,https://www.ogol.com.br/jogador/gilva/426921,767
jogadores,https://www.ogol.com.br/jogador/joao-paulo/616730,570
jogadores,https://www.ogol.com.br/jogador/amauri/435739,451
jogadores,https://www.ogol.com.br/jogador/triel/431603,878
jogadores,https://www.ogol.com.br/jogador/alexandre/431262,881
jogadores,https://www.ogol.com.br/jogador/macale/431601,880
jogadores,https://www.ogol.com.br/jogador/claudio/428818,1048
jogadores,https://www.ogol.com.br/jogador/matinha/434079,882
jogadores,https://www.ogol.com.br/jogador/lucinho/432012,883
jogadores,https://www.ogol.com.br/jogador/lincoln/389413,884
jogadores,https://www.ogol.com.br/jogador/reis/782223,887
jogadores,https://www.ogol.com.br/jogador/paghetti/795359,1025
jogadores,https://www.ogol.com.br/jogador/tuira/799031,886
jogadores,https://www.ogol.com.br/jogador/emerson-leao/26671,174
jogadores,https://www.ogol.com.br/jogador/eurico/238618,177
jogadores,https://www.ogol.com.br/jogador/alfredo-mostarda/27159,584
jogadores,https://www.ogol.com.br/jogador/luis-pereira/27149,176
jogadores,https://www.ogol.com.br/jogador/zeca/412149,299
jogadores,https://www.ogol.com.br/jogador/dudu/119686,179
jogadores,https://www.ogol.com.br/jogador/ademir/27161,180
jogadores,https://www.ogol.com.br/jogador/ronaldo-/200793,33
jogadores,https://www.ogol.com.br/jogador/nei/366701,586
jogadores,https://www.ogol.com.br/jogador/leivinha/27154,183
jogadores,https://www.ogol.com.br/jogador/fedato/492709,323
jogadores,https://www.ogol.com.br/jogador/ulisses/768403,885
jogadores,https://www.ogol.com.br/jogador/mauricio/681342,1132
jogadores,https://www.ogol.com.br/jogador/edson-cegonha/313697,125
jogadores,https://www.ogol.com.br/jogador/edu-bala/412311,184
jogadores,https://www.ogol.com.br/jogador/helio-dias/387411,236
jogadores,https://www.ogol.com.br/jogador/nelinho/27158,739
jogadores,https://www.ogol.com.br/jogador/mizael/627077,341
jogadores,https://www.ogol.com.br/jogador/vanderlei/276261,264
jogadores,https://www.ogol.com.br/jogador/roberto-perfumo/27096,239
jogadores,https://www.ogol.com.br/jogador/piazza/26658,240
jogadores,https://www.ogol.com.br/jogador/dirceu-lopes/119685,244
jogadores,https://www.ogol.com.br/jogador/ze-carlos/276258,243
jogadores,https://www.ogol.com.br/jogador/lima/536334,245
jogadores,https://www.ogol.com.br/jogador/palhinha/119713,242
jogadores,https://www.ogol.com.br/jogador/juarez-baiano/492234,498
jogadores,https://www.ogol.com.br/jogador/ado/26662,85
jogadores,https://www.ogol.com.br/jogador/ze-maria/26670,381
jogadores,https://www.ogol.com.br/jogador/laercio/583290,830
jogadores,https://www.ogol.com.br/jogador/wladimir/119489,831
jogadores,https://www.ogol.com.br/jogador/vagner/386855,744
jogadores,https://www.ogol.com.br/jogador/rivellino,91
jogadores,https://www.ogol.com.br/jogador/adaozinho/361744,92
jogadores,https://www.ogol.com.br/jogador/vaguinho/119719,93
jogadores,https://www.ogol.com.br/jogador/paulo-borges/210153,322
jogadores,https://www.ogol.com.br/jogador/roberto-miranda/26663,54
jogadores,https://www.ogol.com.br/jogador/lance/420200,579
jogadores,https://www.ogol.com.br/jogador/moenda/801028,908
jogadores,https://www.ogol.com.br/jogador/luiz-everton/409035,913
jogadores,https://www.ogol.com.br/jogador/tiao-marino/614961,1156
jogadores,https://www.ogol.com.br/jogador/land/536244,159
jogadores,https://www.ogol.com.br/jogador/fred/438467,1145
jogadores,https://www.ogol.com.br/jogador/pais/439096,1231
jogadores,https://www.ogol.com.br/jogador/alvaro/439835,775
jogadores,https://www.ogol.com.br/jogador/geraldo/430517,1195
jogadores,https://www.ogol.com.br/jogador/alex-kamianecky/389892,392
jogadores,https://www.ogol.com.br/jogador/cabrita/210162,398
jogadores,https://www.ogol.com.br/jogador/mauro/794917,541
jogadores,https://www.ogol.com.br/jogador/tadeu-ricci/226776,324
jogadores,https://www.ogol.com.br/jogador/ivo/372516,427
jogadores,https://www.ogol.com.br/jogador/flecha/409733,145
jogadores,https://www.ogol.com.br/jogador/sergio-lima/536167,70
jogadores,https://www.ogol.com.br/jogador/jeremias/199343,308
jogadores,https://www.ogol.com.br/jogador/luisinho-lemos/119711,1011
jogadores,https://www.ogol.com.br/jogador/expedito/629409,542
jogadores,https://www.ogol.com.br/jogador/andrada/119684,211
jogadores,https://www.ogol.com.br/jogador/rene/428464,364
jogadores,https://www.ogol.com.br/jogador/miguel/119712,213
jogadores,https://www.ogol.com.br/jogador/alfinete/443098,214
jogadores,https://www.ogol.com.br/jogador/paulo-cesar-martins/485245,419
jogadores,https://www.ogol.com.br/jogador/alcir-portela/316792,216
jogadores,https://www.ogol.com.br/jogador/zanata/119702,679
jogadores,https://www.ogol.com.br/jogador/de/192399,223
jogadores,https://www.ogol.com.br/jogador/jorginho-carvoeiro/416759,531
jogadores,https://www.ogol.com.br/jogador/luiz-carlos-tatu/443102,224
jogadores,https://www.ogol.com.br/jogador/roberto-dinamite/27464,474
jogadores,https://www.ogol.com.br/jogador/mussula/541778,662
jogadores,https://www.ogol.com.br/jogador/ze-maria/201558,26
jogadores,https://www.ogol.com.br/jogador/renato-mineiro/627038,1225
jogadores,https://www.ogol.com.br/jogador/grapete/200022,400
jogadores,https://www.ogol.com.br/jogador/claudio-mineiro/303968,38
jogadores,https://www.ogol.com.br/jogador/toninho/1253907,1230
jogadores,https://www.ogol.com.br/jogador/danival/329018,554
jogadores,https://www.ogol.com.br/jogador/arlen/541772,321
jogadores,https://www.ogol.com.br/jogador/campos/314451,669
jogadores,https://www.ogol.com.br/jogador/paulinho/627828,530
jogadores,https://www.ogol.com.br/jogador/totonho/412549,1047
jogadores,https://www.ogol.com.br/jogador/fidelis/26336,271
jogadores,https://www.ogol.com.br/jogador/marcelo/427620,993
jogadores,https://www.ogol.com.br/jogador/pedrilho/202274,377
jogadores,https://www.ogol.com.br/jogador/carlos-buttice/309650,343
jogadores,https://www.ogol.com.br/jogador/roberto/535272,2
jogadores,https://www.ogol.com.br/jogador/luiz-alberto/800293,793
jogadores,https://www.ogol.com.br/jogador/sapatao/438260,573
jogadores,https://www.ogol.com.br/jogador/romero/480143,565
jogadores,https://www.ogol.com.br/jogador/tirson/438452,1141
jogadores,https://www.ogol.com.br/jogador/douglas-franklin/535822,393
jogadores,https://www.ogol.com.br/jogador/baiaco/438354,9
jogadores,https://www.ogol.com.br/jogador/fito/620884,490
jogadores,https://www.ogol.com.br/jogador/everaldo/492724,147
jogadores,https://www.ogol.com.br/jogador/marquinhos/771389,902
jogadores,https://www.ogol.com.br/jogador/sergio-gomes/420411,1179
jogadores,https://www.ogol.com.br/jogador/wilson-campos/487526,918
jogadores,https://www.ogol.com.br/jogador/joaozinho/119484,1184
jogadores,https://www.ogol.com.br/jogador/amaral/27452,919
jogadores,https://www.ogol.com.br/jogador/jair-picerni/420826,1039
jogadores,https://www.ogol.com.br/jogador/flamarion/444465,922
jogadores,https://www.ogol.com.br/jogador/alfredo/409235,924
jogadores,https://www.ogol.com.br/jogador/wolney/622240,1208
jogadores,https://www.ogol.com.br/jogador/mingo/518126,925
jogadores,https://www.ogol.com.br/jogador/dilson-santos/152181,1082
jogadores,https://www.ogol.com.br/jogador/washington/386859,926
jogadores,https://www.ogol.com.br/jogador/peri/409048,457
jogadores,https://www.ogol.com.br/jogador/ednaldo/411452,1168
jogadores,https://www.ogol.com.br/jogador/ze-eduardo/329569,789
jogadores,https://www.ogol.com.br/jogador/china/597942,663
jogadores,https://www.ogol.com.br/jogador/neneca/420721,1214
jogadores,https://www.ogol.com.br/jogador/luiz-carlos-beleza/349467,499
jogadores,https://www.ogol.com.br/jogador/nelson-torres/799211,779
jogadores,https://www.ogol.com.br/jogador/vander/536033,40
jogadores,https://www.ogol.com.br/jogador/pedro-omar/119688,43
jogadores,https://www.ogol.com.br/jogador/ely-mendes/463402,370
jogadores,https://www.ogol.com.br/jogador/king-candido/756652,655
jogadores,https://www.ogol.com.br/jogador/juca-show/518395,500
jogadores,https://www.ogol.com.br/jogador/spencer/200687,335
jogadores,https://www.ogol.com.br/jogador/netinho/445552,1100
jogadores,https://www.ogol.com.br/jogador/claudio-sapo/421699,680
jogadores,https://www.ogol.com.br/jogador/waldemiro/329580,787
jogadores,https://www.ogol.com.br/jogador/rangel/428462,640
jogadores,https://www.ogol.com.br/jogador/edmilson/798685,1007
jogadores,https://www.ogol.com.br/jogador/jair-braganca/613890,761
jogadores,https://www.ogol.com.br/jogador/waltencir/426850,50
jogadores,https://www.ogol.com.br/jogador/nilson-andrade/535965,605
jogadores,https://www.ogol.com.br/jogador/nilo/409723,632
jogadores,https://www.ogol.com.br/jogador/marinho-chagas/27153,525
jogadores,https://www.ogol.com.br/jogador/dirceu/27163,404
jogadores,https://www.ogol.com.br/jogador/carlos-roberto/289106,56
jogadores,https://www.ogol.com.br/jogador/nei-conceicao/443349,279
jogadores,https://www.ogol.com.br/jogador/tuca-ferretti/703909,462
jogadores,https://www.ogol.com.br/jogador/zequinha/119716,59
jogadores,https://www.ogol.com.br/jogador/jorge-luis-cocota/420710,1095
jogadores,https://www.ogol.com.br/jogador/levir/724604,770
jogadores,https://www.ogol.com.br/jogador/marcos-aurelio/489690,461
jogadores,https://www.ogol.com.br/jogador/ney/799005,652
jogadores,https://www.ogol.com.br/jogador/calibe/412547,1218
jogadores,https://www.ogol.com.br/jogador/marins/416842,967
jogadores,https://www.ogol.com.br/jogador/sergio-marreca/797306,1098
jogadores,https://www.ogol.com.br/jogador/neguinho/387739,1008
jogadores,https://www.ogol.com.br/jogador/aguinaldo/360419,1078
jogadores,https://www.ogol.com.br/jogador/alves/664670,671
jogadores,https://www.ogol.com.br/jogador/dario/783265,974
jogadores,https://www.ogol.com.br/jogador/anselmo/410759,800
jogadores,https://www.ogol.com.br/jogador/robertinho/801196,545
jogadores,https://www.ogol.com.br/jogador/soares/801010,1052
jogadores,https://www.ogol.com.br/jogador/vermelho/800816,613
jogadores,https://www.ogol.com.br/jogador/haroldo/801075,1057
jogadores,https://www.ogol.com.br/jogador/major/800823,693
jogadores,https://www.ogol.com.br/jogador/bibiu/801073,1209
jogadores,https://www.ogol.com.br/jogador/altair/532901,867
jogadores,https://www.ogol.com.br/jogador/roberto-menezes/798907,623
jogadores,https://www.ogol.com.br/jogador/sarao/536166,66
jogadores,https://www.ogol.com.br/jogador/silva/412373,619
jogadores,https://www.ogol.com.br/jogador/capeta/801253,1238
jogadores,https://www.ogol.com.br/jogador/carlinhos/800830,620
jogadores,https://www.ogol.com.br/jogador/gilmar/413084,476
jogadores,https://www.ogol.com.br/jogador/carlinhos/390510,972
jogadores,https://www.ogol.com.br/jogador/tadeu/799370,626
jogadores,https://www.ogol.com.br/jogador/mica/630754,1077
jogadores,https://www.ogol.com.br/jogador/edson/801199,1227
jogadores,https://www.ogol.com.br/jogador/murilo/303302,111
jogadores,https://www.ogol.com.br/jogador/ivan-limeira/421244,931
jogadores,https://www.ogol.com.br/jogador/neto-/485248,1216
jogadores,https://www.ogol.com.br/jogador/gerson-andreotti-/688646,933
jogadores,https://www.ogol.com.br/jogador/marinho/366705,935
jogadores,https://www.ogol.com.br/jogador/sima/393110,548
jogadores,https://www.ogol.com.br/jogador/derivaldo/419877,315
jogadores,https://www.ogol.com.br/jogador/vicentinho/441149,543
jogadores,https://www.ogol.com.br/jogador/joel-maneca/421144,937
jogadores,https://www.ogol.com.br/jogador/parana/26348,134
jogadores,https://www.ogol.com.br/jogador/lulinha/378772,842
jogadores,https://www.ogol.com.br/jogador/louro/119710,571
jogadores,https://www.ogol.com.br/jogador/claudio-saraiva/785237,1238
jogadores,https://www.ogol.com.br/jogador/queiroz/622224,460
jogadores,https://www.ogol.com.br/jogador/pedro-basilio/380082,751
jogadores,https://www.ogol.com.br/jogador/iris/799666,1170
jogadores,https://www.ogol.com.br/jogador/amilton-rocha/381341,574
jogadores,https://www.ogol.com.br/jogador/silvinho/801018,1201
jogadores,https://www.ogol.com.br/jogador/amilton-melo/167143,719
jogadores,https://www.ogol.com.br/jogador/marciano/380098,372
jogadores,https://www.ogol.com.br/jogador/ze-carlos-henrique/426325,844
jogadores,https://www.ogol.com.br/jogador/tinteiro/440769,112
jogadores,https://www.ogol.com.br/jogador/paulinho/799629,1210
jogadores,https://www.ogol.com.br/jogador/beijoca/229282,850
jogadores,https://www.ogol.com.br/jogador/ubirajara/724868,807
jogadores,https://www.ogol.com.br/jogador/ivan/798952,1188
jogadores,https://www.ogol.com.br/jogador/scala/263386,482
jogadores,https://www.ogol.com.br/jogador/ma-769-rio-braga/799266,713
jogadores,https://www.ogol.com.br/jogador/paura/799058,809
jogadores,https://www.ogol.com.br/jogador/cosme/797207,810
jogadores,https://www.ogol.com.br/jogador/nunes/416971,1138
jogadores,https://www.ogol.com.br/jogador/careca/778741,811
jogadores,https://www.ogol.com.br/jogador/gilson-porto/456510,549
jogadores,https://www.ogol.com.br/jogador/almir/668444,812
jogadores,https://www.ogol.com.br/jogador/adilson-santa-cruz/535278,23
jogadores,https://www.ogol.com.br/jogador/ze-emidio/800813,808
jogadores,https://www.ogol.com.br/jogador/gilberto/801085,992
jogadores,https://www.ogol.com.br/jogador/cuica/536182,83
jogadores,https://www.ogol.com.br/jogador/arenghi/428703,186
jogadores,https://www.ogol.com.br/jogador/antonio-carlos/119705,67
jogadores,https://www.ogol.com.br/jogador/muniz/329021,475
jogadores,https://www.ogol.com.br/jogador/helio-pires/559226,583
jogadores,https://www.ogol.com.br/jogador/roberto-oliveira/438449,732
jogadores,https://www.ogol.com.br/jogador/gibira/438363,511
jogadores,https://www.ogol.com.br/jogador/franklin/783273,981
jogadores,https://www.ogol.com.br/jogador/jorge-mendonca/27463,986
jogadores,https://www.ogol.com.br/jogador/piolho/798219,1153
jogadores,https://www.ogol.com.br/jogador/rui/798185,822
jogadores,https://www.ogol.com.br/jogador/amaral/798191,826
jogadores,https://www.ogol.com.br/jogador/caito/797412,394
jogadores,https://www.ogol.com.br/jogador/roberto/799036,644
jogadores,https://www.ogol.com.br/jogador/ze-claudio/798521,1020
jogadores,https://www.ogol.com.br/jogador/mario-vieira/329575,647
jogadores,https://www.ogol.com.br/jogador/nena/798183,1239
jogadores,https://www.ogol.com.br/jogador/osmar/801219,1021
jogadores,https://www.ogol.com.br/jogador/toinho/411667,930
jogadores,https://www.ogol.com.br/jogador/ze-maria-paiva/798992,1240
jogadores,https://www.ogol.com.br/jogador/juarez/798882,509
jogadores,https://www.ogol.com.br/jogador/neviton/303315,1032
jogadores,https://www.ogol.com.br/jogador/gilberto/795737,1193
jogadores,https://www.ogol.com.br/jogador/walmir/800878,875
jogadores,https://www.ogol.com.br/jogador/hidalgo/536329,233
jogadores,https://www.ogol.com.br/jogador/aladim/210157,95
jogadores,https://www.ogol.com.br/jogador/lola/200686,32
jogadores,https://www.ogol.com.br/jogador/sergio/238617,124
jogadores,https://www.ogol.com.br/jogador/muricy/179504,1241
jogadores,https://www.ogol.com.br/jogador/terto/463023,132
jogadores,https://www.ogol.com.br/jogador/paquito/509412,301
jogadores,https://www.ogol.com.br/jogador/sergio-roberto/637178,444
jogadores,https://www.ogol.com.br/jogador/edson/774148,1017
jogadores,https://www.ogol.com.br/jogador/dirceu-catimba/412369,1215
jogadores,https://www.ogol.com.br/jogador/ademir/443099,785
jogadores,https://www.ogol.com.br/jogador/antonino/536178,75
jogadores,https://www.ogol.com.br/jogador/aranha/119706,513
jogadores,https://www.ogol.com.br/jogador/luciano/420182,80
jogadores,https://www.ogol.com.br/jogador/cao/443342,396
jogadores,https://www.ogol.com.br/jogador/brito/26337,52
jogadores,https://www.ogol.com.br/jogador/miranda/535966,89
jogadores,https://www.ogol.com.br/jogador/carbone/432639,155
jogadores,https://www.ogol.com.br/jogador/nilson-dias/247845,439
jogadores,https://www.ogol.com.br/jogador/ferretti/387120,221
jogadores,https://www.ogol.com.br/jogador/odelio/595726,676
jogadores,https://www.ogol.com.br/jogador/paulo-tavares/800387,597
jogadores,https://www.ogol.com.br/jogador/ze-eduardo/420641,115
jogadores,https://www.ogol.com.br/jogador/bauer/799624,616
jogadores,https://www.ogol.com.br/jogador/chinesinho/380100,845
jogadores,https://www.ogol.com.br/jogador/lucinho/421249,630
jogadores,https://www.ogol.com.br/jogador/roberval/184672,1242
jogadores,https://www.ogol.com.br/jogador/orlandinho/441155,618
jogadores,https://www.ogol.com.br/jogador/helcio-jacare/411329,683
jogadores,https://www.ogol.com.br/jogador/mano/799216,627
jogadores,https://www.ogol.com.br/jogador/oswaldo/801200,1243
jogadores,https://www.ogol.com.br/jogador/casemiro/718215,1114
jogadores,https://www.ogol.com.br/jogador/rolinha/445721,818
jogadores,https://www.ogol.com.br/jogador/ferreira/801059,1244
jogadores,https://www.ogol.com.br/jogador/antonio-piola/323360,551
jogadores,https://www.ogol.com.br/jogador/edvaldo-araujo/783413,569
jogadores,https://www.ogol.com.br/jogador/paulinho/800804,1002
jogadores,https://www.ogol.com.br/jogador/fernando/801029,596
jogadores,https://www.ogol.com.br/jogador/ze-maria/438698,960
jogadores,https://www.ogol.com.br/jogador/toninho-cerezo/27453,635
jogadores,https://www.ogol.com.br/jogador/dogival/794649,1112
jogadores,https://www.ogol.com.br/jogador/nene/800805,963
jogadores,https://www.ogol.com.br/jogador/luiz-carlos/799588,503
jogadores,https://www.ogol.com.br/jogador/adaozinho/630807,594
jogadores,https://www.ogol.com.br/jogador/da-silva/801095,1110
jogadores,https://www.ogol.com.br/jogador/anto-770-nio-carlos-/800917,976
jogadores,https://www.ogol.com.br/jogador/copeu/536225,105
jogadores,https://www.ogol.com.br/jogador/aguia-negra/801245,1245
jogadores,https://www.ogol.com.br/jogador/rogerio-macedo/434722,1246
jogadores,https://www.ogol.com.br/jogador/claudio/536247,171
jogadores,https://www.ogol.com.br/jogador/sergio/787487,951
jogadores,https://www.ogol.com.br/jogador/lucinho/801113,952
jogadores,https://www.ogol.com.br/jogador/vandeir/409734,1130
jogadores,https://www.ogol.com.br/jogador/omar/799569,1096
jogadores,https://www.ogol.com.br/jogador/diogo/410218,858
jogadores,https://www.ogol.com.br/jogador/prado/445302,861
jogadores,https://www.ogol.com.br/jogador/bosco/795228,1247
jogadores,https://www.ogol.com.br/jogador/jair-bala/497983,44
jogadores,https://www.ogol.com.br/jogador/raul-fernandes/541794,529
jogadores,https://www.ogol.com.br/jogador/wanderley-paiva/119701,31
jogadores,https://www.ogol.com.br/jogador/pedro-paulo/488719,238
jogadores,https://www.ogol.com.br/jogador/roberto/510360,1248
jogadores,https://www.ogol.com.br/jogador/manfrini/434712,940
jogadores,https://www.ogol.com.br/jogador/gerson/26341,130
jogadores,https://www.ogol.com.br/jogador/edu/139216,68
jogadores,https://www.ogol.com.br/jogador/cafuringa/437990,297
jogadores,https://www.ogol.com.br/jogador/wilson-santos/764465,1109
jogadores,https://www.ogol.com.br/jogador/natal/428319,241
jogadores,https://www.ogol.com.br/jogador/picole/785551,309
jogadores,https://www.ogol.com.br/jogador/cesar-maluco/27155,319
jogadores,https://www.ogol.com.br/jogador/celio/428688,225
jogadores,https://www.ogol.com.br/jogador/dada-maravilha/26669,34
jogadores,https://www.ogol.com.br/jogador/paulinho/437987,575
jogadores,https://www.ogol.com.br/jogador/tobias/318401,326
jogadores,https://www.ogol.com.br/jogador/alberto/798238,1038
jogadores,https://www.ogol.com.br/jogador/marco-antonio-visgo/440953,385
jogadores,https://www.ogol.com.br/jogador/bene/595556,318
jogadores,https://www.ogol.com.br/jogador/willians/349465,1249
jogadores,https://www.ogol.com.br/jogador/bira-lopes/429283,803
jogadores,https://www.ogol.com.br/jogador/nene/349450,384
jogadores,https://www.ogol.com.br/jogador/claudiomiro/456507,160
jogadores,https://www.ogol.com.br/jogador/volmir/505655,390
jogadores,https://www.ogol.com.br/jogador/humberto-ramos/200470,30
jogadores,https://www.ogol.com.br/jogador/ze-carlos-canguru/426325,844
jogadores,https://www.ogol.com.br/jogador/adalberto-lopes/783376,1250
jogadores,https://www.ogol.com.br/jogador/didi/494407,169
jogadores,https://www.ogol.com.br/jogador/renato/535268,1
jogadores,https://www.ogol.com.br/jogador/ronaldo-brito/800824,869
jogadores,https://www.ogol.com.br/jogador/reinaldo/766119,621
jogadores,https://www.ogol.com.br/jogador/gilson/485250,103
jogadores,https://www.ogol.com.br/jogador/luciano-oliveira/801207,206
jogadores,https://www.ogol.com.br/jogador/edinho/799273,1059
jogadores,https://www.ogol.com.br/jogador/lauro/592250,484
jogadores,https://www.ogol.com.br/jogador/dario/461711,48
jogadores,https://www.ogol.com.br/jogador/nelson-cuca/800938,1171
jogadores,https://www.ogol.com.br/jogador/chico-explosao/79653,983
jogadores,https://www.ogol.com.br/jogador/helinho/799618,897
jogadores,https://www.ogol.com.br/jogador/nascimento/428812,1150
jogadores,https://www.ogol.com.br/jogador/didi-pedalada/800427,1136
jogadores,https://www.ogol.com.br/jogador/mosca/595012,1251
jogadores,https://www.ogol.com.br/jogador/ze-carlos-olimpico/386860,577
jogadores,https://www.ogol.com.br/jogador/luiz-augusto/436054,1003
jogadores,https://www.ogol.com.br/jogador/ronaldo/767360,1223
jogadores,https://www.ogol.com.br/jogador/mario-tito/241898,889
jogadores,https://www.ogol.com.br/jogador/bugle/536259,219
jogadores,https://www.ogol.com.br/jogador/fumanchu/412657,700
jogadores,https://www.ogol.com.br/jogador/enio/800776,888
jogadores,https://www.ogol.com.br/jogador/flavio/445313,916
jogadores,https://www.ogol.com.br/jogador/luis-florencio/318640,1122
jogadores,https://www.ogol.com.br/jogador/roberto-reboucas/798664,366
jogadores,https://www.ogol.com.br/jogador/juca/799354,997
jogadores,https://www.ogol.com.br/jogador/rodolfo-fischer/245050,526
jogadores,https://www.ogol.com.br/jogador/luis-alberto/516486,395
jogadores,https://www.ogol.com.br/jogador/misael/627077,341
jogadores,https://www.ogol.com.br/jogador/rinaldo/432015,330
jogadores,https://www.ogol.com.br/jogador/miguel/409145,656
jogadores,https://www.ogol.com.br/jogador/paranhos/199751,1119
jogadores,https://www.ogol.com.br/jogador/ancheta/26619,471
jogadores,https://www.ogol.com.br/jogador/tiao/387123,90
jogadores,https://www.ogol.com.br/jogador/risadinha/210153,322
jogadores,https://www.ogol.com.br/jogador/alfredo-obberti/491754,533
jogadores,https://www.ogol.com.br/jogador/claudio/410440,371
jogadores,https://www.ogol.com.br/jogador/pio/412686,182
jogadores,https://www.ogol.com.br/jogador/tovar/456509,157
jogadores,https://www.ogol.com.br/jogador/bibi/423061,402
jogadores,https://www.ogol.com.br/jogador/beto/200796,456
jogadores,https://www.ogol.com.br/jogador/valdir-appel/487120,1192
jogadores,https://www.ogol.com.br/jogador/macedo/801270,1252
jogadores,https://www.ogol.com.br/jogador/dedeu/490897,568
jogadores,https://www.ogol.com.br/jogador/lacy/329572,557
jogadores,https://www.ogol.com.br/jogador/drailton/411451,121
jogadores,https://www.ogol.com.br/jogador/dias/638101,362
jogadores,https://www.ogol.com.br/jogador/augusto/536034,47
jogadores,https://www.ogol.com.br/jogador/laone-luz/801007,1253
jogadores,https://www.ogol.com.br/jogador/luis/801258,1254
jogadores,https://www.ogol.com.br/jogador/valmir/795767,1173
jogadores,https://www.ogol.com.br/jogador/baiano/494410,331
jogadores,https://www.ogol.com.br/jogador/chiquinho-pastor/489691,148
jogadores,https://www.ogol.com.br/jogador/francisco-reyes/119717,255
jogadores,https://www.ogol.com.br/jogador/mineiro/489694,537
jogadores,https://www.ogol.com.br/jogador/mario/792879,658
jogadores,https://www.ogol.com.br/jogador/calegari/536248,187
jogadores,https://www.ogol.com.br/jogador/xaxa/436442,198
jogadores,https://www.ogol.com.br/jogador/sergio-lopes/520609,753
jogadores,https://www.ogol.com.br/jogador/lairton/472604,355
jogadores,https://www.ogol.com.br/jogador/bolivar-guedes/386856,792
jogadores,https://www.ogol.com.br/jogador/ze-ito/799675,928
jogadores,https://www.ogol.com.br/jogador/daniel/801209,1255
jogadores,https://www.ogol.com.br/jogador/souza/535274,4
jogadores,https://www.ogol.com.br/jogador/chico-amorim/792845,1090
jogadores,https://www.ogol.com.br/jogador/ernesto/801266,1256
jogadores,https://www.ogol.com.br/jogador/mario/800825,868
jogadores,https://www.ogol.com.br/jogador/mimi/801233,1257
jogadores,https://www.ogol.com.br/jogador/santos/419875,1174
jogadores,https://www.ogol.com.br/jogador/ozires/276262,1258
jogadores,https://www.ogol.com.br/jogador/juraci/801129,1001
jogadores,https://www.ogol.com.br/jogador/wendell/441212,480
jogadores,https://www.ogol.com.br/jogador/jairzinho,453
jogadores,https://www.ogol.com.br/jogador/rubens-galaxe/172355,409
jogadores,https://www.ogol.com.br/jogador/hiran/799630,1259
jogadores,https://www.ogol.com.br/jogador/antenor/413236,765
jogadores,https://www.ogol.com.br/jogador/vantuir/119720,27
jogadores,https://www.ogol.com.br/jogador/fausto/799635,1260
jogadores,https://www.ogol.com.br/jogador/renato-silveira/472599,342
jogadores,https://www.ogol.com.br/jogador/cesar-augusto/27155,319
jogadores,https://www.ogol.com.br/jogador/laercio/801065,1261
jogadores,https://www.ogol.com.br/jogador/ivo/801061,1050
jogadores,https://www.ogol.com.br/jogador/edison/774148,1017
jogadores,https://www.ogol.com.br/jogador/marinho-peres/27150,265
jogadores,https://www.ogol.com.br/jogador/brecha/349457,675
jogadores,https://www.ogol.com.br/jogador/ferreira/800916,494
jogadores,https://www.ogol.com.br/jogador/edmilson/438379,677
jogadores,https://www.ogol.com.br/jogador/puruca/622212,1232
jogadores,https://www.ogol.com.br/jogador/marcio-gugu/443047,1262
jogadores,https://www.ogol.com.br/jogador/gaspar/800946,979
jogadores,https://www.ogol.com.br/jogador/joaozinho/800941,312
jogadores,https://www.ogol.com.br/jogador/dema/420797,999
jogadores,https://www.ogol.com.br/jogador/plinio/387118,846
jogadores,https://www.ogol.com.br/jogador/cicero/380083,1015
jogadores,https://www.ogol.com.br/jogador/ze-roberto/428785,1263
jogadores,https://www.ogol.com.br/jogador/decio-costa/420804,1264
jogadores,https://www.ogol.com.br/jogador/joao-daniel/651163,411
jogadores,https://www.ogol.com.br/jogador/eri/801275,1265
jogadores,https://www.ogol.com.br/jogador/carlos-alberto-barbosa/412643,1266
jogadores,https://www.ogol.com.br/jogador/paulo-ricardo/411958,572
jogadores,https://www.ogol.com.br/jogador/cidao/410753,1034
jogadores,https://www.ogol.com.br/jogador/pedro-pradera/421203,514
jogadores,https://www.ogol.com.br/jogador/henrique-pereira/798881,1075
jogadores,https://www.ogol.com.br/jogador/valdir/795756,1267
jogadores,https://www.ogol.com.br/jogador/afonso/766280,1268
jogadores,https://www.ogol.com.br/jogador/roberto-bacuri/445358,859
jogadores,https://www.ogol.com.br/jogador/cabecinha/419992,524
jogadores,https://www.ogol.com.br/jogador/rafael/614988,414
jogadores,https://www.ogol.com.br/jogador/dorinho/456492,172
jogadores,https://www.ogol.com.br/jogador/joao-ribeiro/592270,356
jogadores,https://www.ogol.com.br/jogador/kruger/536331,247
jogadores,https://www.ogol.com.br/jogador/dirceu-alves/536036,42
jogadores,https://www.ogol.com.br/jogador/toinzinho/618334,1083
jogadores,https://www.ogol.com.br/jogador/ze-luiz/786078,1108
jogadores,https://www.ogol.com.br/jogador/detinho/801269,1269
jogadores,https://www.ogol.com.br/jogador/dagoberto/428814,1155
jogadores,https://www.ogol.com.br/jogador/ezio/413089,894
jogadores,https://www.ogol.com.br/jogador/marcelo/582945,1270
jogadores,https://www.ogol.com.br/jogador/renato/27156,25
jogadores,https://www.ogol.com.br/jogador/narciso-doval/119670,539
jogadores,https://www.ogol.com.br/jogador/renatinho/801011,234
jogadores,https://www.ogol.com.br/jogador/bezerra/443043,921
jogadores,https://www.ogol.com.br/jogador/darcio/536249,188
jogadores,https://www.ogol.com.br/jogador/ademir-da-guia/27161,180
jogadores,https://www.ogol.com.br/jogador/ronaldo-drummond/200793,33
jogadores,https://www.ogol.com.br/jogador/mano/329019,788
jogadores,https://www.ogol.com.br/jogador/rinaldo/801030,959
jogadores,https://www.ogol.com.br/jogador/candido/801210,1271
jogadores,https://www.ogol.com.br/jogador/jairo/801201,985
jogadores,https://www.ogol.com.br/jogador/emilio/799288,1272
jogadores,https://www.ogol.com.br/jogador/chiquinho-fernandes/801124,998
jogadores,https://www.ogol.com.br/jogador/marcos-/766183,836
jogadores,https://www.ogol.com.br/jogador/mesquita/395928,1205
jogadores,https://www.ogol.com.br/jogador/procopio/452957,1273
jogadores,https://www.ogol.com.br/jogador/eduardo-amorim/276256,413
jogadores,https://www.ogol.com.br/jogador/santos/782766,1064
jogadores,https://www.ogol.com.br/jogador/luizinho/797353,302
jogadores,https://www.ogol.com.br/jogador/odair/801034,1274
jogadores,https://www.ogol.com.br/jogador/mauricio-/584611,1154
jogadores,https://www.ogol.com.br/jogador/dejair/536165,61
jogadores,https://www.ogol.com.br/jogador/nelsinho-baptista/235633,450
jogadores,https://www.ogol.com.br/jogador/domingos/800959,762
jogadores,https://www.ogol.com.br/jogador/renato-cogo/409738,699
jogadores,https://www.ogol.com.br/jogador/ademir-goncalves/421141,796
jogadores,https://www.ogol.com.br/jogador/ivan/583295,832
jogadores,https://www.ogol.com.br/jogador/getulio/172323,1275
jogadores,https://www.ogol.com.br/jogador/adilson/801068,1276
jogadores,https://www.ogol.com.br/jogador/fred/386853,110
jogadores,https://www.ogol.com.br/jogador/marcio/800521,1029
jogadores,https://www.ogol.com.br/jogador/carlinhos/175154,1277
jogadores,https://www.ogol.com.br/jogador/ze-roberto/412668,580
jogadores,https://www.ogol.com.br/jogador/douradinho/800360,1278
jogadores,https://www.ogol.com.br/jogador/gil-mineiro/725535,1279
jogadores,https://www.ogol.com.br/jogador/osmar-guarnelli/119679,51
jogadores,https://www.ogol.com.br/jogador/terezo/386854,368
jogadores,https://www.ogol.com.br/jogador/ze-carlos/409228,62
jogadores,https://www.ogol.com.br/jogador/toinho/801234,1280
jogadores,https://www.ogol.com.br/jogador/titi/801235,1281
jogadores,https://www.ogol.com.br/jogador/altivo/438261,795
jogadores,https://www.ogol.com.br/jogador/dende/438173,1282
jogadores,https://www.ogol.com.br/jogador/rubens/630748,1151
jogadores,https://www.ogol.com.br/jogador/marcilio/439965,781
jogadores,https://www.ogol.com.br/jogador/serjao/801273,1283
jogadores,https://www.ogol.com.br/jogador/luizinho/801277,1284
jogadores,https://www.ogol.com.br/jogador/celio-rodrigues/485249,1116
jogadores,https://www.ogol.com.br/jogador/balula/800960,1285
jogadores,https://www.ogol.com.br/jogador/elizio/798215,962
jogadores,https://www.ogol.com.br/jogador/goncalves/800845,1045
jogadores,https://www.ogol.com.br/jogador/reinaldo/799643,1286
jogadores,https://www.ogol.com.br/jogador/ivanildo/421136,840
jogadores,https://www.ogol.com.br/jogador/adilson/409240,984
jogadores,https://www.ogol.com.br/jogador/laudeni/800912,968
jogadores,https://www.ogol.com.br/jogador/ladislao-mazurkiewicz/26231,528
jogadores,https://www.ogol.com.br/jogador/buiao/361745,123
jogadores,https://www.ogol.com.br/jogador/alemao/536035,39
jogadores,https://www.ogol.com.br/jogador/toninho/411131,493
jogadores,https://www.ogol.com.br/jogador/moises/119482,215
jogadores,https://www.ogol.com.br/jogador/nelson-lopes/584619,441
jogadores,https://www.ogol.com.br/jogador/silva/595009,1120
jogadores,https://www.ogol.com.br/jogador/jesum/119671,724
jogadores,https://www.ogol.com.br/jogador/chumbinho/710856,1287
jogadores,https://www.ogol.com.br/jogador/edmar/440955,737
jogadores,https://www.ogol.com.br/jogador/gilmar/801215,1288
jogadores,https://www.ogol.com.br/jogador/edson-ferreira/584616,433
jogadores,https://www.ogol.com.br/jogador/davi/767460,1289
jogadores,https://www.ogol.com.br/jogador/orange/360323,1165
jogadores,https://www.ogol.com.br/jogador/washington/797271,1290
jogadores,https://www.ogol.com.br/jogador/roner/421248,843
jogadores,https://www.ogol.com.br/jogador/guarana/800810,1004
jogadores,https://www.ogol.com.br/jogador/cordeiro/421241,687
jogadores,https://www.ogol.com.br/jogador/lumumba/799614,631
jogadores,https://www.ogol.com.br/jogador/se-769-rgio/801088,1009
jogadores,https://www.ogol.com.br/jogador/claudionor/801198,1115
jogadores,https://www.ogol.com.br/jogador/costa/801265,1291
jogadores,https://www.ogol.com.br/jogador/noquinha/801175,1292
jogadores,https://www.ogol.com.br/jogador/nilton/536221,120
jogadores,https://www.ogol.com.br/jogador/luizinho/800840,848
jogadores,https://www.ogol.com.br/jogador/toninho/800522,1149
jogadores,https://www.ogol.com.br/jogador/cesar/415385,1293
jogadores,https://www.ogol.com.br/jogador/marco-anto-770-nio/801098,1158
jogadores,https://www.ogol.com.br/jogador/ivanildo/800621,1294
jogadores,https://www.ogol.com.br/jogador/teodoro/194394,412
jogadores,https://www.ogol.com.br/jogador/romeu/200794,276
jogadores,https://www.ogol.com.br/jogador/luis-carlos/434369,1152
jogadores,https://www.ogol.com.br/jogador/ventilador/801019,936
jogadores,https://www.ogol.com.br/jogador/ze-mario/307153,538
jogadores,https://www.ogol.com.br/jogador/pedrinho/412639,87
jogadores,https://www.ogol.com.br/jogador/silveira/409038,164
jogadores,https://www.ogol.com.br/jogador/gaucho/433683,495
jogadores,https://www.ogol.com.br/jogador/darci-menezes/443085,399
jogadores,https://www.ogol.com.br/jogador/saldanha/801101,1295
jogadores,https://www.ogol.com.br/jogador/raul-marcel/387113,464
jogadores,https://www.ogol.com.br/jogador/manoel-costa/15148,695
jogadores,https://www.ogol.com.br/jogador/walter-da-silva/409041,1296
jogadores,https://www.ogol.com.br/jogador/xavier/725711,1200
jogadores,https://www.ogol.com.br/jogador/hertz-alcantara/15188,517
jogadores,https://www.ogol.com.br/jogador/tota/801236,1297
jogadores,https://www.ogol.com.br/jogador/wellington-santana/768697,957
jogadores,https://www.ogol.com.br/jogador/julinho/786768,1128
jogadores,https://www.ogol.com.br/jogador/elcio/536898,274
jogadores,https://www.ogol.com.br/jogador/da-costa/564043,1298
jogadores,https://www.ogol.com.br/jogador/eliseu/801232,1299
jogadores,https://www.ogol.com.br/jogador/noroel/801111,1143
jogadores,https://www.ogol.com.br/jogador/artur/801231,1300
jogadores,https://www.ogol.com.br/jogador/baiano/796630,1016
jogadores,https://www.ogol.com.br/jogador/borille/801220,1081
jogadores,https://www.ogol.com.br/jogador/ademir/801230,1301
jogadores,https://www.ogol.com.br/jogador/paulo-siri/780757,1302
jogadores,https://www.ogol.com.br/jogador/ademir/801078,615
jogadores,https://www.ogol.com.br/jogador/bie/652015,871
jogadores,https://www.ogol.com.br/jogador/djalma-duarte/801202,1303
jogadores,https://www.ogol.com.br/jogador/nilton-braga/795240,1304
jogadores,https://www.ogol.com.br/jogador/marcal/501505,13
jogadores,https://www.ogol.com.br/jogador/ze-roberto/637177,1055
jogadores,https://www.ogol.com.br/jogador/miguel/439984,801
jogadores,https://www.ogol.com.br/jogador/paulo-mauricio/421247,664
jogadores,https://www.ogol.com.br/jogador/beto/798238,1038
jogadores,https://www.ogol.com.br/jogador/carlos-roberto/595003,900
jogadores,https://www.ogol.com.br/jogador/darcy/411126,1305
jogadores,https://www.ogol.com.br/jogador/wilson-quiqueto/349429,1306
jogadores,https://www.ogol.com.br/jogador/turcao/349170,15
jogadores,https://www.ogol.com.br/jogador/joao-almeida/387115,470
jogadores,https://www.ogol.com.br/jogador/joao-carlos/492712,726
jogadores,https://www.ogol.com.br/jogador/neto/289105,1307
jogadores,https://www.ogol.com.br/jogador/brando/800925,1066
jogadores,https://www.ogol.com.br/jogador/careca/434703,361
jogadores,https://www.ogol.com.br/jogador/sanches/429998,1308
jogadores,https://www.ogol.com.br/jogador/vitor/801013,1203
jogadores,https://www.ogol.com.br/jogador/fio/436299,1309
jogadores,https://www.ogol.com.br/jogador/roberto-batata/443087,249
jogadores,https://www.ogol.com.br/jogador/romeu-cambalhota/200794,276
jogadores,https://www.ogol.com.br/jogador/anto-770-nio-carlos/800917,976
jogadores,https://www.ogol.com.br/jogador/adeildo/641747,1310
jogadores,https://www.ogol.com.br/jogador/nelson/411032,1311
jogadores,https://www.ogol.com.br/jogador/gojoba/386942,970
jogadores,https://www.ogol.com.br/jogador/baldochi/26664,88
jogadores,https://www.ogol.com.br/jogador/noel/801227,1126
jogadores,https://www.ogol.com.br/jogador/oldair/200469,28
jogadores,https://www.ogol.com.br/jogador/tiao/200472,35
jogadores,https://www.ogol.com.br/jogador/julinho/582937,1312
jogadores,https://www.ogol.com.br/jogador/ademir/409036,11
jogadores,https://www.ogol.com.br/jogador/mareco/799670,273
jogadores,https://www.ogol.com.br/jogador/jorge-gaucho/801262,1134
jogadores,https://www.ogol.com.br/jogador/evangelista/801033,738
jogadores,https://www.ogol.com.br/jogador/washington/801238,1313
jogadores,https://www.ogol.com.br/jogador/pinduca/800350,1091
jogadores,https://www.ogol.com.br/jogador/a-769-lvaro-/801009,1074
jogadores,https://www.ogol.com.br/jogador/mauro/801216,1314
jogadores,https://www.ogol.com.br/jogador/edmir/796562,1315
jogadores,https://www.ogol.com.br/jogador/jose-geraldo/800873,1186
jogadores,https://www.ogol.com.br/jogador/ricardo/415517,645
jogadores,https://www.ogol.com.br/jogador/joaozinho/119672,1084
jogadores,https://www.ogol.com.br/jogador/silva/491460,1316
jogadores,https://www.ogol.com.br/jogador/luiz-alberto/778587,1317
jogadores,https://www.ogol.com.br/jogador/pinga/410152,903
jogadores,https://www.ogol.com.br/jogador/carlos-roberto/800320,1054
jogadores,https://www.ogol.com.br/jogador/joao-marcos/229022,1318
jogadores,https://www.ogol.com.br/jogador/afranio/420844,1319
jogadores,https://www.ogol.com.br/jogador/clayton/787978,929
jogadores,https://www.ogol.com.br/jogador/amauri/797244,1121
jogadores,https://www.ogol.com.br/jogador/mauro-cabecao/270611,1320
jogadores,https://www.ogol.com.br/jogador/taquito/409687,305
jogadores,https://www.ogol.com.br/jogador/polaco/409811,365
jogadores,https://www.ogol.com.br/jogador/celsinho/386857,432
jogadores,https://www.ogol.com.br/jogador/roberto-silva/349445,1202
jogadores,https://www.ogol.com.br/jogador/nelsi-morais/91219,1023
jogadores,https://www.ogol.com.br/jogador/ze-luiz/798258,1321
jogadores,https://www.ogol.com.br/jogador/armando/511946,829
jogadores,https://www.ogol.com.br/jogador/luis-carlos/238621,298
jogadores,https://www.ogol.com.br/jogador/ubaldo/438438,287
jogadores,https://www.ogol.com.br/jogador/raul-plassmann/5359,497
jogadores,https://www.ogol.com.br/jogador/valdir-espinosa/441268,136
jogadores,https://www.ogol.com.br/jogador/gilson/798142,879
jogadores,https://www.ogol.com.br/jogador/brandao/428789,901
jogadores,https://www.ogol.com.br/jogador/everaldo/26666,139
jogadores,https://www.ogol.com.br/jogador/moacir/800950,920
jogadores,https://www.ogol.com.br/jogador/barnabe-769-/800853,923
jogadores,https://www.ogol.com.br/jogador/nego/536032,36
jogadores,https://www.ogol.com.br/jogador/jorge-hipolito/622161,425
jogadores,https://www.ogol.com.br/jogador/candido/799330,1211
jogadores,https://www.ogol.com.br/jogador/caio-cambalhota/141891,344
jogadores,https://www.ogol.com.br/jogador/oliveira/494404,163
jogadores,https://www.ogol.com.br/jogador/reinaldo/27456,994
jogadores,https://www.ogol.com.br/jogador/edson-scott/622026,415
jogadores,https://www.ogol.com.br/jogador/garcia/414476,469
jogadores,https://www.ogol.com.br/jogador/normandes/201559,29
jogadores,https://www.ogol.com.br/jogador/edmilson-leite/718440,1322
jogadores,https://www.ogol.com.br/jogador/santos/263554,899
jogadores,https://www.ogol.com.br/jogador/adelmo/780451,872
jogadores,https://www.ogol.com.br/jogador/ze-roberto-pereira/785473,1181
jogadores,https://www.ogol.com.br/jogador/itamar/409294,1099
jogadores,https://www.ogol.com.br/jogador/renatinho/536326,1053
jogadores,https://www.ogol.com.br/jogador/mariao/411445,1323
jogadores,https://www.ogol.com.br/jogador/raimundinho/795360,1324
jogadores,https://www.ogol.com.br/jogador/rubem/800407,1325
jogadores,https://www.ogol.com.br/jogador/geraldino/380080,1182
jogadores,https://www.ogol.com.br/jogador/bill/217462,1326
jogadores,https://www.ogol.com.br/jogador/detinho/445343,388
jogadores,https://www.ogol.com.br/jogador/gerailton/413072,1198
jogadores,https://www.ogol.com.br/jogador/vasconcelos/801048,1327
jogadores,https://www.ogol.com.br/jogador/pedrinho/536262,200
jogadores,https://www.ogol.com.br/jogador/tupa/797226,496
jogadores,https://www.ogol.com.br/jogador/marcelo/438669,720
jogadores,https://www.ogol.com.br/jogador/wagner/801015,1328
jogadores,https://www.ogol.com.br/jogador/eberval/536897,269
jogadores,https://www.ogol.com.br/jogador/moises/175134,1329
jogadores,https://www.ogol.com.br/jogador/paulinho/798045,1330
jogadores,https://www.ogol.com.br/jogador/dias/798075,1331
jogadores,https://www.ogol.com.br/jogador/ze-paulo/546699,1332
jogadores,https://www.ogol.com.br/jogador/wilkson/599605,1169
jogadores,https://www.ogol.com.br/jogador/medrado/800584,1333
jogadores,https://www.ogol.com.br/jogador/haroldo/757221,1334
jogadores,https://www.ogol.com.br/jogador/estevam-soares/413235,1335
jogadores,https://www.ogol.com.br/jogador/jairzao/797283,1336
jogadores,https://www.ogol.com.br/jogador/ricardo-fogueira/427892,1337
jogadores,https://www.ogol.com.br/jogador/vava-de-jesus/798668,1189
jogadores,https://www.ogol.com.br/jogador/ademilton/786066,1338
jogadores,https://www.ogol.com.br/jogador/washington-alves/20099,403
jogadores,https://www.ogol.com.br/jogador/marco-antonio/778478,1339
jogadores,https://www.ogol.com.br/jogador/de/965791,1340
jogadores,https://www.ogol.com.br/jogador/luiz-carlos/779661,1341
jogadores,https://www.ogol.com.br/jogador/luciano/439842,660
jogadores,https://www.ogol.com.br/jogador/ze-luiz/800569,1342
jogadores,https://www.ogol.com.br/jogador/tuca/756240,1343
jogadores,https://www.ogol.com.br/jogador/neto/485248,1216
jogadores,https://www.ogol.com.br/jogador/gerson-andreotti/688646,933
jogadores,https://www.ogol.com.br/jogador/ademir-gaucho/627068,1344
jogadores,https://www.ogol.com.br/jogador/alberto-leguele/263288,560
jogadores,https://www.ogol.com.br/jogador/mario-lourenco/792879,658
jogadores,https://www.ogol.com.br/jogador/eder/27942,1345
jogadores,https://www.ogol.com.br/jogador/nei/813945,1346
jogadores,https://www.ogol.com.br/jogador/sergio-luiz/726747,1347
jogadores,https://www.ogol.com.br/jogador/jorge-campos/440032,1348
jogadores,https://www.ogol.com.br/jogador/jair/14897,723
jogadores,https://www.ogol.com.br/jogador/humberto/797325,1349
jogadores,https://www.ogol.com.br/jogador/nenem/409046,217
jogadores,https://www.ogol.com.br/jogador/herminio/490857,152
jogadores,https://www.ogol.com.br/jogador/pedrinho-gaucho/386858,1350
treinadores,https://www.ogol.com.br/treinador/cilinho/18767,33
treinadores,https://www.ogol.com.br/treinador/barbatana/17993,37
treinadores,https://www.ogol.com.br/treinador/duque/17386,7
treinadores,https://www.ogol.com.br/treinador/jose-poy/20848,24
treinadores,https://www.ogol.com.br/treinador/dino-sani/19853,12
treinadores,https://www.ogol.com.br/treinador/otto-gloria/443,20
treinadores,https://www.ogol.com.br/treinador/mario-zagallo/689,13
treinadores,https://www.ogol.com.br/treinador/oswaldo-brandao/18507,11
treinadores,https://www.ogol.com.br/treinador/ilton-chaves/37396,34
treinadores,https://www.ogol.com.br/treinador/dorival-yustrich/3372,23
treinadores,https://www.ogol.com.br/treinador/tele-santana/3682,3
treinadores,https://www.ogol.com.br/treinador/evaristo-macedo/638,29
treinadores,https://www.ogol.com.br/treinador/orlando-fantoni/18738,19
treinadores,https://www.ogol.com.br/treinador/tim/6909,18
treinadores,https://www.ogol.com.br/treinador/jose-duarte/10595,38
treinadores,https://www.ogol.com.br/treinador/mario-travaglini/16315,14
treinadores,https://www.ogol.com.br/treinador/paulo-emilio/3287,28
treinadores,https://www.ogol.com.br/treinador/paulinho-de-almeida/18031,44
treinadores,https://www.ogol.com.br/treinador/ismael-kurtz/8760,45
treinadores,https://www.ogol.com.br/treinador/paraguaio/25454,5
treinadores,https://www.ogol.com.br/treinador/carlos-castilho/17107,43
treinadores,https://www.ogol.com.br/treinador/sebastiao-leonidas/19186,35
treinadores,https://www.ogol.com.br/treinador/pepe/10010,32
treinadores,https://www.ogol.com.br/treinador/lanzoninho/17145,30
treinadores,https://www.ogol.com.br/treinador/rubens-minelli/17303,21
arbitros,https://www.ogol.com.br/arbitro/carlos-cavalheiro-de-moraes/8084,19
arbitros,https://www.ogol.com.br/arbitro/jose-luis-barreto/8074,11
arbitros,https://www.ogol.com.br/arbitro/oscar-scolfaro/2435,9
arbitros,https://www.ogol.com.br/arbitro/jose-de-assis-aragao/6297,29
arbitros,https://www.ogol.com.br/arbitro/maurilio-jose-santiago/8125,22
arbitros,https://www.ogol.com.br/arbitro/emidio-marques-mesquita/6318,5
arbitros,https://www.ogol.com.br/arbitro/jose-aldo-pereira/8303,4
arbitros,https://www.ogol.com.br/arbitro/moacir-miguel-dos-santos/8211,60
arbitros,https://www.ogol.com.br/arbitro/jose-faville-neto/2380,7
arbitros,https://www.ogol.com.br/arbitro/wilson-van-lume/11248,61
arbitros,https://www.ogol.com.br/arbitro/jose-marcal-filho/8127,1
arbitros,https://www.ogol.com.br/arbitro/arnaldo-cezar-coelho/732,6
arbitros,https://www.ogol.com.br/arbitro/agomar-rohrig/2378,15
arbitros,https://www.ogol.com.br/arbitro/jose-leandro-de-castro-serpa/8194,52
arbitros,https://www.ogol.com.br/arbitro/helio-ferreira-campos/8197,62
arbitros,https://www.ogol.com.br/arbitro/sebastiao-rufino-ribeiro/5747,14
arbitros,https://www.ogol.com.br/arbitro/manoel-amaro-de-lima/8103,17
arbitros,https://www.ogol.com.br/arbitro/armando-marques/801,20
arbitros,https://www.ogol.com.br/arbitro/rubens-de-souza-carvalho/8097,33
arbitros,https://www.ogol.com.br/arbitro/valquir-pimentel/9430,3
arbitros,https://www.ogol.com.br/arbitro/garibaldo-matos/8263,13
arbitros,https://www.ogol.com.br/arbitro/saul-mendes/8096,30
arbitros,https://www.ogol.com.br/arbitro/julio-cesar-cosenza/11147,50
arbitros,https://www.ogol.com.br/arbitro/jose-mario-vinhas/8301,16
arbitros,https://www.ogol.com.br/arbitro/raimundo-sena/10098,54
arbitros,https://www.ogol.com.br/arbitro/jose-espezim-neto/10097,62
arbitros,https://www.ogol.com.br/arbitro/braulio-zanoto/8061,39
arbitros,https://www.ogol.com.br/arbitro/luis-carlos-felix/3074,12
arbitros,https://www.ogol.com.br/arbitro/dulcidio-wanderley-boschilia/8063,8
arbitros,https://www.ogol.com.br/arbitro/romualdo-arppi-filho/764,10
arbitros,https://www.ogol.com.br/arbitro/clinamulte-franca/8101,35
arbitros,https://www.ogol.com.br/arbitro/joaquim-goncalves-da-silva/6304,18
arbitros,https://www.ogol.com.br/arbitro/gilson-cordeiro/8184,36
arbitros,https://www.ogol.com.br/arbitro/armando-camarinha/11415,40
arbitros,https://www.ogol.com.br/arbitro/antonio-viug/2032,31
arbitros,https://www.ogol.com.br/arbitro/gilberto-ferreira-lima/8105,32
arbitros,https://www.ogol.com.br/arbitro/silvio-goncalves-davi/11181,34
arbitros,https://www.ogol.com.br/arbitro/geraldino-cezar/10085,55
arbitros,https://www.ogol.com.br/arbitro/rubens-paulis/8302,59
arbitros,https://www.ogol.com.br/arbitro/roberto-nunes-morgado/8059,44
arbitros,https://www.ogol.com.br/arbitro/nivaldo-dos-santos/10082,21
arbitros,https://www.ogol.com.br/arbitro/almir-laguna/8092,49
arbitros,https://www.ogol.com.br/arbitro/nilson-cardoso-bilha/8091,56
arbitros,https://www.ogol.com.br/arbitro/carlos-costa/2863,23
arbitros,https://www.ogol.com.br/arbitro/silvio-acacio-da-silveira/8290,43
arbitros,https://www.ogol.com.br/arbitro/helio-cosso/11459,45
arbitros,https://www.ogol.com.br/arbitro/gilberto-nahas/6312,63
clubes,https://www.ogol.com.br/equipe/figueirense/2238?epoca_id=102,37
clubes,https://www.ogol.com.br/equipe/sport/2257?epoca_id=102,9
clubes,https://www.ogol.com.br/equipe/nacional-am/3356?epoca_id=102,23
clubes,https://www.ogol.com.br/equipe/fluminense?epoca_id=102,14
clubes,https://www.ogol.com.br/equipe/ceara?epoca_id=102,17
clubes,https://www.ogol.com.br/equipe/gremio?epoca_id=102,12
clubes,https://www.ogol.com.br/equipe/rio-negro-am/3432?epoca_id=102,30
clubes,https://www.ogol.com.br/equipe/olaria/3369?epoca_id=102,36
clubes,https://www.ogol.com.br/equipe/sao-paulo?epoca_id=102,11
clubes,https://www.ogol.com.br/equipe/coritiba/2235?epoca_id=102,19
clubes,https://www.ogol.com.br/equipe/paysandu/8920?epoca_id=102,33
clubes,https://www.ogol.com.br/equipe/ceub/14537?epoca_id=102,34
clubes,https://www.ogol.com.br/equipe/internacional?epoca_id=102,13
clubes,https://www.ogol.com.br/equipe/vitoria/2259?epoca_id=102,21
clubes,https://www.ogol.com.br/equipe/santos?epoca_id=102,2
clubes,https://www.ogol.com.br/equipe/portuguesa/2252?epoca_id=102,16
clubes,https://www.ogol.com.br/equipe/comercial-ms/3200?epoca_id=102,32
clubes,https://www.ogol.com.br/equipe/santa-cruz/2253?epoca_id=102,7
clubes,https://www.ogol.com.br/equipe/desportiva-ferroviaria/3224?epoca_id=102,40
clubes,https://www.ogol.com.br/equipe/athletico-paranaense?epoca_id=102,28
clubes,https://www.ogol.com.br/equipe/flamengo?epoca_id=102,10
clubes,https://www.ogol.com.br/equipe/remo/3423?epoca_id=102,22
clubes,https://www.ogol.com.br/equipe/sergipe/3473?epoca_id=102,25
clubes,https://www.ogol.com.br/equipe/nautico/2247?epoca_id=102,24
clubes,https://www.ogol.com.br/equipe/goias/2244?epoca_id=102,35
clubes,https://www.ogol.com.br/equipe/palmeiras?epoca_id=102,15
clubes,https://www.ogol.com.br/equipe/cruzeiro?epoca_id=102,20
clubes,https://www.ogol.com.br/equipe/corinthians?epoca_id=102,8
clubes,https://www.ogol.com.br/equipe/america-rj/2228?epoca_id=102,6
clubes,https://www.ogol.com.br/equipe/vasco?epoca_id=102,18
clubes,https://www.ogol.com.br/equipe/atletico-mineiro?epoca_id=102,3
clubes,https://www.ogol.com.br/equipe/bahia/2231?epoca_id=102,1
clubes,https://www.ogol.com.br/equipe/guarani?epoca_id=102,38
clubes,https://www.ogol.com.br/equipe/america-mineiro?epoca_id=102,4
clubes,https://www.ogol.com.br/equipe/botafogo?epoca_id=102,5
clubes,https://www.ogol.com.br/equipe/moto-club/3353?epoca_id=102,41
clubes,https://www.ogol.com.br/equipe/crb/3213?epoca_id=102,27
clubes,https://www.ogol.com.br/equipe/tiradentes-pi/3492?epoca_id=102,39
clubes,https://www.ogol.com.br/equipe/fortaleza?epoca_id=102,31
clubes,https://www.ogol.com.br/equipe/america-rn/2616?epoca_id=102,29
estadios,https://www.ogol.com.br/estadio.php?id=790,25
estadios,https://www.ogol.com.br/estadio.php?id=9252,18
estadios,https://www.ogol.com.br/estadio.php?id=1277,7
estadios,https://www.ogol.com.br/estadio.php?id=297,5
estadios,https://www.ogol.com.br/estadio.php?id=1508,17
estadios,https://www.ogol.com.br/estadio.php?id=286,3
estadios,https://www.ogol.com.br/estadio.php?id=289,11
estadios,https://www.ogol.com.br/estadio.php?id=5792,6
estadios,https://www.ogol.com.br/estadio.php?id=2077,23
estadios,https://www.ogol.com.br/estadio.php?id=285,8
estadios,https://www.ogol.com.br/estadio.php?id=1575,14
estadios,https://www.ogol.com.br/estadio.php?id=1301,24
estadios,https://www.ogol.com.br/estadio.php?id=282,2
estadios,https://www.ogol.com.br/estadio.php?id=295,12
estadios,https://www.ogol.com.br/estadio.php?id=1372,28
estadios,https://www.ogol.com.br/estadio.php?id=3777,26
estadios,https://www.ogol.com.br/estadio.php?id=283,1
estadios,https://www.ogol.com.br/estadio.php?id=1306,15
estadios,https://www.ogol.com.br/estadio.php?id=2435,16
estadios,https://www.ogol.com.br/estadio.php?id=2198,27
estadios,https://www.ogol.com.br/estadio.php?id=786,29
estadios,https://www.ogol.com.br/estadio.php?id=290,13
estadios,https://www.ogol.com.br/estadio.php?id=2196,19
estadios,https://www.ogol.com.br/estadio.php?id=12682,30
estadios,https://www.ogol.com.br/estadio.php?id=298,22
estadios,https://www.ogol.com.br/estadio.php?id=1572,10
estadios,https://www.ogol.com.br/estadio.php?id=25930,32
